Scan_Date,Run_Time,Run_Label,Stock,Company_Name,Predicted_Buy_Date,Predicted_Buy_Price,Actual_Open,Actual_Price_Date,Error_Pct,Direction,Within_Threshold,Note
2026-03-18,17:04,Force Run,BDL.NS,Bharat Dynamics Limited,19 Mar 2026,1321.02,1300.0,2026-03-19,-1.59,UNDER,True,
2026-03-19,07:40,Live 13:00 IST,PHOENIXLTD.NS,The Phoenix Mills Limited,20 Mar 2026,1584.34,1575.0,2026-03-20,-0.59,UNDER,True,
2026-03-19,07:40,Live 13:00 IST,KPIL.NS,Kalpataru Projects International Limited,20 Mar 2026,1071.92,1079.9,2026-03-20,0.74,OVER,True,
2026-03-19,09:37,Live 14:59 IST,PNB.NS,Punjab National Bank,20 Mar 2026,108.98,110.5,2026-03-20,1.39,OVER,True,
2026-03-19,09:37,Live 14:59 IST,UNITDSPR.NS,UNITED SPIRITS LIMITED,20 Mar 2026,1285.68,1296.0,2026-03-20,0.8,OVER,True,
2026-03-19,09:37,Live 14:59 IST,ENRIN.NS,Siemens Energy India Limited,20 Mar 2026,2754.88,2775.0,2026-03-20,0.73,OVER,True,
2026-03-19,09:37,Live 14:59 IST,CREDITACC.NS,CreditAccess Grameen Limited,20 Mar 2026,1155.03,1165.3,2026-03-20,0.89,OVER,True,
2026-03-19,10:12,Live 15:35 IST,SBIN.NS,State Bank of India,20 Mar 2026,1049.59,1058.4,2026-03-20,0.84,OVER,True,
2026-03-19,10:12,Live 15:35 IST,SHRIRAMFIN.NS,Shriram Finance Limited,20 Mar 2026,951.61,962.0,2026-03-20,1.09,OVER,True,
2026-03-19,10:12,Live 15:35 IST,AXISBANK.NS,Axis Bank Limited,20 Mar 2026,1208.24,1208.6,2026-03-20,0.03,OVER,True,
2026-03-19,10:12,Live 15:35 IST,M&M.NS,Mahindra & Mahindra Limited,20 Mar 2026,3047.51,3059.2,2026-03-20,0.38,OVER,True,
2026-03-19,10:12,Live 15:35 IST,VEDL.NS,Vedanta Limited,20 Mar 2026,665.77,670.0,2026-03-20,0.64,OVER,True,
2026-03-19,10:12,Live 15:35 IST,HINDCOPPER.NS,Hindustan Copper Limited,20 Mar 2026,470.82,472.0,2026-03-20,0.25,OVER,True,
2026-03-19,10:12,Live 15:35 IST,ATHERENERG.NS,Ather Energy Limited,20 Mar 2026,754.75,769.0,2026-03-20,1.89,OVER,True,
2026-03-19,10:12,Live 15:35 IST,BEL.NS,Bharat Electronics Limited,20 Mar 2026,431.13,432.2,2026-03-20,0.25,OVER,True,
2026-03-19,10:12,Live 15:35 IST,TATASTEEL.NS,Tata Steel Limited,20 Mar 2026,190.62,193.4,2026-03-20,1.46,OVER,True,
2026-03-19,10:12,Live 15:35 IST,POLYCAB.NS,Polycab India Limited,20 Mar 2026,7183.57,7205.0,2026-03-20,0.3,OVER,True,
2026-03-19,10:12,Live 15:35 IST,HINDALCO.NS,Hindalco Industries Limited,20 Mar 2026,897.66,884.95,2026-03-20,-1.42,UNDER,True,
2026-03-19,10:12,Live 15:35 IST,EICHERMOT.NS,Eicher Motors Limited,20 Mar 2026,6794.93,6802.5,2026-03-20,0.11,OVER,True,
2026-03-19,10:12,Live 15:35 IST,NATIONALUM.NS,National Aluminium Company Limited,20 Mar 2026,377.26,369.05,2026-03-20,-2.18,UNDER,True,
2026-03-19,10:12,Live 15:35 IST,MUTHOOTFIN.NS,Muthoot Finance Limited,20 Mar 2026,3308.52,3299.0,2026-03-20,-0.29,UNDER,True,
2026-03-19,10:12,Live 15:35 IST,HAL.NS,Hindustan Aeronautics Limited,20 Mar 2026,3805.02,3826.0,2026-03-20,0.55,OVER,True,
2026-03-19,10:12,Live 15:35 IST,OIL.NS,Oil India Limited,20 Mar 2026,477.35,476.0,2026-03-20,-0.28,UNDER,True,
2026-03-19,10:12,Live 15:35 IST,TVSMOTOR.NS,TVS Motor Company Limited,20 Mar 2026,3456.24,3469.1,2026-03-20,0.37,OVER,True,
2026-03-19,10:12,Live 15:35 IST,MRPL.NS,Mangalore Refinery and Petrochemicals Limited,20 Mar 2026,184.9,186.61,2026-03-20,0.92,OVER,True,
2026-03-19,10:12,Live 15:35 IST,ADANIPORTS.NS,Adani Ports and Special Economic Zone Limited,20 Mar 2026,1358.78,1364.9,2026-03-20,0.45,OVER,True,
2026-03-19,10:12,Live 15:35 IST,IOC.NS,Indian Oil Corporation Limited,20 Mar 2026,142.73,143.6,2026-03-20,0.61,OVER,True,
2026-03-19,10:12,Live 15:35 IST,NETWEB.NS,Netweb Technologies India Limited,20 Mar 2026,3252.11,3270.9,2026-03-20,0.58,OVER,True,
2026-03-19,10:12,Live 15:35 IST,CHOLAFIN.NS,Cholamandalam Investment and Finance Company Limited,20 Mar 2026,1456.15,1460.0,2026-03-20,0.26,OVER,True,
2026-03-19,10:12,Live 15:35 IST,CUMMINSIND.NS,Cummins India Limited,20 Mar 2026,4511.87,4526.0,2026-03-20,0.31,OVER,True,
2026-03-19,10:12,Live 15:35 IST,FEDERALBNK.NS,The Federal Bank Limited,20 Mar 2026,266.07,268.05,2026-03-20,0.74,OVER,True,
2026-03-19,10:12,Live 15:35 IST,CANBK.NS,Canara Bank,20 Mar 2026,133.03,134.5,2026-03-20,1.11,OVER,True,
2026-03-19,10:12,Live 15:35 IST,SAIL.NS,Steel Authority of India Limited,20 Mar 2026,152.66,153.11,2026-03-20,0.29,OVER,True,
2026-03-19,10:12,Live 15:35 IST,AUBANK.NS,AU Small Finance Bank Limited,20 Mar 2026,902.4,906.0,2026-03-20,0.4,OVER,True,
2026-03-19,10:12,Live 15:35 IST,PAYTM.NS,One97 Communications Limited,20 Mar 2026,1042.27,1055.1,2026-03-20,1.23,OVER,True,
2026-03-19,10:12,Live 15:35 IST,MOTHERSON.NS,Samvardhana Motherson International Limited,20 Mar 2026,111.77,113.0,2026-03-20,1.1,OVER,True,
2026-03-19,10:12,Live 15:35 IST,HEROMOTOCO.NS,Hero MotoCorp Limited,20 Mar 2026,5172.81,5218.0,2026-03-20,0.87,OVER,True,
2026-03-19,10:12,Live 15:35 IST,KEI.NS,KEI Industries Limited,20 Mar 2026,4215.51,4234.0,2026-03-20,0.44,OVER,True,
2026-03-19,10:12,Live 15:35 IST,BANKBARODA.NS,Bank of Baroda Limited,20 Mar 2026,273.11,275.85,2026-03-20,1.0,OVER,True,
2026-03-19,10:12,Live 15:35 IST,UPL.NS,UPL Limited,20 Mar 2026,612.0,619.4,2026-03-20,1.21,OVER,True,
2026-03-19,10:12,Live 15:35 IST,UNIONBANK.NS,Union Bank of India,20 Mar 2026,172.32,174.0,2026-03-20,0.97,OVER,True,
2026-03-19,10:12,Live 15:35 IST,BHARATFORG.NS,Bharat Forge Limited,20 Mar 2026,1713.3,1718.0,2026-03-20,0.27,OVER,True,
2026-03-19,10:12,Live 15:35 IST,LTF.NS,L&T Finance Limited,20 Mar 2026,256.92,260.1,2026-03-20,1.24,OVER,True,
2026-03-19,10:12,Live 15:35 IST,DABUR.NS,Dabur India Limited,20 Mar 2026,430.43,433.7,2026-03-20,0.76,OVER,True,
2026-03-19,10:12,Live 15:35 IST,INDUSTOWER.NS,Indus Towers Limited,20 Mar 2026,427.1,429.65,2026-03-20,0.6,OVER,True,
2026-03-19,10:12,Live 15:35 IST,ABB.NS,ABB India Limited,20 Mar 2026,6217.49,6250.0,2026-03-20,0.52,OVER,True,
2026-03-19,10:12,Live 15:35 IST,LAURUSLABS.NS,Laurus Labs Limited,20 Mar 2026,945.5,960.8,2026-03-20,1.62,OVER,True,
2026-03-19,10:12,Live 15:35 IST,INDIANB.NS,Indian Bank,20 Mar 2026,860.34,871.9,2026-03-20,1.34,OVER,True,
2026-03-19,10:12,Live 15:35 IST,BHEL.NS,Bharat Heavy Electricals Limited,20 Mar 2026,251.97,254.05,2026-03-20,0.83,OVER,True,
2026-03-19,10:12,Live 15:35 IST,BANKINDIA.NS,Bank of India Limited,20 Mar 2026,145.85,146.95,2026-03-20,0.75,OVER,True,
2026-03-19,10:12,Live 15:35 IST,APLAPOLLO.NS,APL Apollo Tubes Limited,20 Mar 2026,1930.81,1948.0,2026-03-20,0.89,OVER,True,
2026-03-19,10:12,Live 15:35 IST,GRSE.NS,Garden Reach Shipbuilders & Engineers Limited,20 Mar 2026,2296.27,2315.0,2026-03-20,0.82,OVER,True,
2026-03-19,10:12,Live 15:35 IST,ICICIPRULI.NS,ICICI Prudential Life Insurance Company Limited,20 Mar 2026,563.09,563.0,2026-03-20,-0.02,UNDER,True,
2026-03-19,10:12,Live 15:35 IST,NAVINFLUOR.NS,Navin Fluorine International Limited,20 Mar 2026,6265.94,6293.5,2026-03-20,0.44,OVER,True,
2026-03-19,10:12,Live 15:35 IST,RBLBANK.NS,RBL Bank Limited,20 Mar 2026,292.5,293.8,2026-03-20,0.44,OVER,True,
2026-03-19,10:12,Live 15:35 IST,GMDCLTD.NS,Gujarat Mineral Development Corporation Limited,20 Mar 2026,534.66,539.9,2026-03-20,0.98,OVER,True,
2026-03-19,10:12,Live 15:35 IST,ABCAPITAL.NS,Aditya Birla Capital Limited,20 Mar 2026,312.78,317.0,2026-03-20,1.35,OVER,True,
2026-03-19,10:12,Live 15:35 IST,UNOMINDA.NS,Uno Minda Limited,20 Mar 2026,1039.88,1050.0,2026-03-20,0.97,OVER,True,
2026-03-19,10:12,Live 15:35 IST,KARURVYSYA.NS,The Karur Vysya Bank Limited,20 Mar 2026,272.01,273.95,2026-03-20,0.71,OVER,True,
2026-03-19,10:12,Live 15:35 IST,ESCORTS.NS,Escorts Kubota Limited,20 Mar 2026,2887.65,2930.5,2026-03-20,1.48,OVER,True,
2026-03-19,10:12,Live 15:35 IST,JINDALSTEL.NS,Jindal Steel Limited,20 Mar 2026,1138.79,1144.1,2026-03-20,0.47,OVER,True,
2026-03-19,10:12,Live 15:35 IST,CUB.NS,City Union Bank Limited,20 Mar 2026,244.43,246.85,2026-03-20,0.99,OVER,True,
2026-03-19,10:12,Live 15:35 IST,HBLENGINE.NS,HBL ENGINEERING LTD,20 Mar 2026,659.91,662.6,2026-03-20,0.41,OVER,True,
2026-03-19,10:12,Live 15:35 IST,NYKAA.NS,FSN E-Commerce Ventures Limited,20 Mar 2026,239.53,241.45,2026-03-20,0.8,OVER,True,
2026-03-19,10:12,Live 15:35 IST,ASAHIINDIA.NS,Asahi India Glass Limited,20 Mar 2026,842.12,843.0,2026-03-20,0.1,OVER,True,
2026-03-19,10:12,Live 15:35 IST,SONACOMS.NS,Sona BLW Precision Forgings Limited,20 Mar 2026,499.09,499.7,2026-03-20,0.12,OVER,True,
2026-03-19,10:12,Live 15:35 IST,SCI.NS,The Shipping Corporation of India Limited,20 Mar 2026,230.24,232.5,2026-03-20,0.98,OVER,True,
2026-03-19,10:12,Live 15:35 IST,NAM-INDIA.NS,Nippon Life India Asset Management Limited,20 Mar 2026,857.01,856.0,2026-03-20,-0.12,UNDER,True,
2026-03-19,10:12,Live 15:35 IST,ENGINERSIN.NS,Engineers India Limited,20 Mar 2026,187.91,190.56,2026-03-20,1.41,OVER,True,
2026-03-19,10:12,Live 15:35 IST,GRAPHITE.NS,Graphite India Limited,20 Mar 2026,600.27,609.85,2026-03-20,1.6,OVER,True,
2026-03-19,10:12,Live 15:35 IST,HYUNDAI.NS,HYUNDAI MOTOR INDIA LTD,20 Mar 2026,1952.34,1954.9,2026-03-20,0.13,OVER,True,
2026-03-19,10:12,Live 15:35 IST,TATACOMM.NS,Tata Communications Limited,20 Mar 2026,1441.52,1444.8,2026-03-20,0.23,OVER,True,
2026-03-19,10:12,Live 15:35 IST,JSL.NS,Jindal Stainless Limited,20 Mar 2026,708.23,712.7,2026-03-20,0.63,OVER,True,
2026-03-19,10:12,Live 15:35 IST,SCHAEFFLER.NS,Schaeffler India Limited,20 Mar 2026,3960.35,3966.0,2026-03-20,0.14,OVER,True,
2026-03-19,10:12,Live 15:35 IST,POONAWALLA.NS,Poonawalla Fincorp Limited,20 Mar 2026,400.45,404.95,2026-03-20,1.12,OVER,True,
2026-03-19,10:12,Live 15:35 IST,HEG.NS,HEG Limited,20 Mar 2026,489.15,498.2,2026-03-20,1.85,OVER,True,
2026-03-19,10:12,Live 15:35 IST,M&MFIN.NS,Mahindra & Mahindra Financial Services Limited,20 Mar 2026,311.65,314.8,2026-03-20,1.01,OVER,True,
2026-03-19,10:12,Live 15:35 IST,KIRLOSENG.NS,Kirloskar Oil Engines Limited,20 Mar 2026,1420.85,1424.8,2026-03-20,0.28,OVER,True,
2026-03-19,10:12,Live 15:35 IST,CRAFTSMAN.NS,Craftsman Automation Limited,20 Mar 2026,6859.15,6950.0,2026-03-20,1.32,OVER,True,
2026-03-19,10:12,Live 15:35 IST,USHAMART.NS,Usha Martin Limited,20 Mar 2026,397.47,397.3,2026-03-20,-0.04,UNDER,True,
2026-03-19,10:12,Live 15:35 IST,AIAENG.NS,AIA Engineering Limited,20 Mar 2026,3574.72,3608.7,2026-03-20,0.95,OVER,True,
2026-03-19,10:12,Live 15:35 IST,EMCURE.NS,EMCURE PHARMACEUTICALS L,20 Mar 2026,1471.46,1485.0,2026-03-20,0.92,OVER,True,
2026-03-19,10:12,Live 15:35 IST,ENDURANCE.NS,Endurance Technologies Limited,20 Mar 2026,2278.4,2305.9,2026-03-20,1.21,OVER,True,
2026-03-19,10:12,Live 15:35 IST,RRKABEL.NS,R R Kabel Limited,20 Mar 2026,1395.33,1405.0,2026-03-20,0.69,OVER,True,
2026-03-19,10:12,Live 15:35 IST,CANFINHOME.NS,Can Fin Homes Limited,20 Mar 2026,827.72,837.95,2026-03-20,1.24,OVER,True,
2026-03-19,10:12,Live 15:35 IST,ZFCVINDIA.NS,ZF Commercial Vehicle Control Systems India Limited,20 Mar 2026,13392.29,13401.0,2026-03-20,0.07,OVER,True,
2026-03-19,10:12,Live 15:35 IST,TIMKEN.NS,Timken India Limited,20 Mar 2026,3192.74,3248.3,2026-03-20,1.74,OVER,True,
2026-03-19,10:12,Live 15:35 IST,INDIACEM.NS,The India Cements Limited,20 Mar 2026,355.95,357.25,2026-03-20,0.37,OVER,True,
2026-03-20,07:20,Force Run,KPIL.NS,Kalpataru Projects International Limited,23 Mar 2026,1075.42,1060.0,2026-03-23,-1.43,UNDER,True,
2026-03-20,08:05,Live 13:25 IST,BDL.NS,Bharat Dynamics Limited,23 Mar 2026,1262.65,1231.6,2026-03-23,-2.46,UNDER,True,
2026-03-20,08:05,Live 13:25 IST,ENRIN.NS,Siemens Energy India Limited,23 Mar 2026,2792.17,2751.2,2026-03-23,-1.47,UNDER,True,
2026-03-20,09:35,Live 14:55 IST,M&M.NS,Mahindra & Mahindra Limited,23 Mar 2026,3054.96,3015.1,2026-03-23,-1.3,UNDER,True,
2026-03-20,09:35,Live 14:55 IST,CREDITACC.NS,CreditAccess Grameen Limited,23 Mar 2026,1156.21,1159.6,2026-03-23,0.29,OVER,True,
2026-03-20,10:11,Live 15:32 IST,SHRIRAMFIN.NS,Shriram Finance Limited,23 Mar 2026,939.27,930.0,2026-03-23,-0.99,UNDER,True,
2026-03-20,10:11,Live 15:32 IST,SBIN.NS,State Bank of India,23 Mar 2026,1057.84,1039.0,2026-03-23,-1.78,UNDER,True,
2026-03-20,10:11,Live 15:32 IST,VEDL.NS,Vedanta Limited,23 Mar 2026,672.63,660.0,2026-03-23,-1.88,UNDER,True,
2026-03-20,10:11,Live 15:32 IST,MCX.NS,Multi Commodity Exchange of India Limited,23 Mar 2026,2416.21,2400.0,2026-03-23,-0.67,UNDER,True,
2026-03-20,10:11,Live 15:32 IST,NATIONALUM.NS,National Aluminium Company Limited,23 Mar 2026,368.75,357.5,2026-03-23,-3.05,UNDER,False,
2026-03-20,10:11,Live 15:32 IST,AUBANK.NS,AU Small Finance Bank Limited,23 Mar 2026,901.77,885.2,2026-03-23,-1.84,UNDER,True,
2026-03-20,10:11,Live 15:32 IST,TATASTEEL.NS,Tata Steel Limited,23 Mar 2026,196.86,193.0,2026-03-23,-1.96,UNDER,True,
2026-03-20,10:11,Live 15:32 IST,AXISBANK.NS,Axis Bank Limited,23 Mar 2026,1204.41,1181.0,2026-03-23,-1.94,UNDER,True,
2026-03-20,10:11,Live 15:32 IST,HINDALCO.NS,Hindalco Industries Limited,23 Mar 2026,874.76,855.0,2026-03-23,-2.26,UNDER,True,
2026-03-20,10:11,Live 15:32 IST,HINDCOPPER.NS,Hindustan Copper Limited,23 Mar 2026,489.78,475.0,2026-03-23,-3.02,UNDER,False,
2026-03-20,10:11,Live 15:32 IST,HINDPETRO.NS,Hindustan Petroleum Corporation Limited,23 Mar 2026,336.2,324.0,2026-03-23,-3.63,UNDER,False,
2026-03-20,10:11,Live 15:32 IST,BEL.NS,Bharat Electronics Limited,23 Mar 2026,426.4,420.6,2026-03-23,-1.36,UNDER,True,
2026-03-20,10:11,Live 15:32 IST,ADANIPORTS.NS,Adani Ports and Special Economic Zone Limited,23 Mar 2026,1366.14,1350.0,2026-03-23,-1.18,UNDER,True,
2026-03-20,10:11,Live 15:32 IST,HEROMOTOCO.NS,Hero MotoCorp Limited,23 Mar 2026,5277.3,5191.0,2026-03-23,-1.64,UNDER,True,
2026-03-20,10:11,Live 15:32 IST,MUTHOOTFIN.NS,Muthoot Finance Limited,23 Mar 2026,3318.03,3190.0,2026-03-23,-3.86,UNDER,False,
2026-03-20,10:11,Live 15:32 IST,IOC.NS,Indian Oil Corporation Limited,23 Mar 2026,144.62,141.49,2026-03-23,-2.16,UNDER,True,
2026-03-20,10:11,Live 15:32 IST,CANBK.NS,Canara Bank,23 Mar 2026,136.5,134.0,2026-03-23,-1.83,UNDER,True,
2026-03-20,10:11,Live 15:32 IST,CUMMINSIND.NS,Cummins India Limited,23 Mar 2026,4616.17,4581.0,2026-03-23,-0.76,UNDER,True,
2026-03-20,10:11,Live 15:32 IST,SAIL.NS,Steel Authority of India Limited,23 Mar 2026,155.57,153.04,2026-03-23,-1.63,UNDER,True,
2026-03-20,10:11,Live 15:32 IST,HAL.NS,Hindustan Aeronautics Limited,23 Mar 2026,3784.7,3760.6,2026-03-23,-0.64,UNDER,True,
2026-03-20,10:11,Live 15:32 IST,EICHERMOT.NS,Eicher Motors Limited,23 Mar 2026,6912.07,6790.0,2026-03-23,-1.77,UNDER,True,
2026-03-20,10:11,Live 15:32 IST,FEDERALBNK.NS,The Federal Bank Limited,23 Mar 2026,267.25,263.0,2026-03-23,-1.59,UNDER,True,
2026-03-20,10:11,Live 15:32 IST,CHOLAFIN.NS,Cholamandalam Investment and Finance Company Limited,23 Mar 2026,1441.34,1429.7,2026-03-23,-0.81,UNDER,True,
2026-03-20,10:11,Live 15:32 IST,UNIONBANK.NS,Union Bank of India,23 Mar 2026,177.69,174.5,2026-03-23,-1.8,UNDER,True,
2026-03-20,10:11,Live 15:32 IST,ATHERENERG.NS,Ather Energy Limited,23 Mar 2026,780.85,789.0,2026-03-23,1.04,OVER,True,
2026-03-20,10:11,Live 15:32 IST,POLYCAB.NS,Polycab India Limited,23 Mar 2026,7174.63,7100.0,2026-03-23,-1.04,UNDER,True,
2026-03-20,10:11,Live 15:32 IST,INDIANB.NS,Indian Bank,23 Mar 2026,878.83,861.0,2026-03-23,-2.03,UNDER,True,
2026-03-20,10:11,Live 15:32 IST,PAYTM.NS,One97 Communications Limited,23 Mar 2026,1054.84,1036.0,2026-03-23,-1.79,UNDER,True,
2026-03-20,10:11,Live 15:32 IST,BANKBARODA.NS,Bank of Baroda Limited,23 Mar 2026,279.9,275.2,2026-03-23,-1.68,UNDER,True,
2026-03-20,10:11,Live 15:32 IST,TVSMOTOR.NS,TVS Motor Company Limited,23 Mar 2026,3464.27,3440.0,2026-03-23,-0.7,UNDER,True,
2026-03-20,10:11,Live 15:32 IST,ESCORTS.NS,Escorts Kubota Limited,23 Mar 2026,3060.83,3023.0,2026-03-23,-1.24,UNDER,True,
2026-03-20,10:11,Live 15:32 IST,INDUSTOWER.NS,Indus Towers Limited,23 Mar 2026,434.66,430.0,2026-03-23,-1.07,UNDER,True,
2026-03-20,10:11,Live 15:32 IST,NETWEB.NS,Netweb Technologies India Limited,23 Mar 2026,3286.45,3245.0,2026-03-23,-1.26,UNDER,True,
2026-03-20,10:11,Live 15:32 IST,MOTHERSON.NS,Samvardhana Motherson International Limited,23 Mar 2026,111.61,111.0,2026-03-23,-0.55,UNDER,True,
2026-03-20,10:11,Live 15:32 IST,NYKAA.NS,FSN E-Commerce Ventures Limited,23 Mar 2026,240.73,235.0,2026-03-23,-2.38,UNDER,True,
2026-03-20,10:11,Live 15:32 IST,OIL.NS,Oil India Limited,23 Mar 2026,475.79,475.75,2026-03-23,-0.01,UNDER,True,
2026-03-20,10:11,Live 15:32 IST,BANKINDIA.NS,Bank of India Limited,23 Mar 2026,150.58,148.8,2026-03-23,-1.18,UNDER,True,
2026-03-20,10:11,Live 15:32 IST,ABB.NS,ABB India Limited,23 Mar 2026,6300.84,6264.0,2026-03-23,-0.58,UNDER,True,
2026-03-20,10:11,Live 15:32 IST,LAURUSLABS.NS,Laurus Labs Limited,23 Mar 2026,987.83,979.1,2026-03-23,-0.88,UNDER,True,
2026-03-20,10:11,Live 15:32 IST,LTF.NS,L&T Finance Limited,23 Mar 2026,261.3,260.2,2026-03-23,-0.42,UNDER,True,
2026-03-20,10:11,Live 15:32 IST,BHARATFORG.NS,Bharat Forge Limited,23 Mar 2026,1712.41,1700.0,2026-03-23,-0.72,UNDER,True,
2026-03-20,10:11,Live 15:32 IST,HYUNDAI.NS,HYUNDAI MOTOR INDIA LTD,23 Mar 2026,1951.84,1940.0,2026-03-23,-0.61,UNDER,True,
2026-03-20,10:11,Live 15:32 IST,APLAPOLLO.NS,APL Apollo Tubes Limited,23 Mar 2026,1974.15,1965.2,2026-03-23,-0.45,UNDER,True,
2026-03-20,10:11,Live 15:32 IST,ABCAPITAL.NS,Aditya Birla Capital Limited,23 Mar 2026,311.47,307.0,2026-03-23,-1.44,UNDER,True,
2026-03-20,10:11,Live 15:32 IST,UNITDSPR.NS,UNITED SPIRITS LIMITED,23 Mar 2026,1300.59,1288.9,2026-03-23,-0.9,UNDER,True,
2026-03-20,10:11,Live 15:32 IST,UNOMINDA.NS,Uno Minda Limited,23 Mar 2026,1067.54,1053.1,2026-03-23,-1.35,UNDER,True,
2026-03-20,10:11,Live 15:32 IST,GRSE.NS,Garden Reach Shipbuilders & Engineers Limited,23 Mar 2026,2281.26,2249.0,2026-03-23,-1.41,UNDER,True,
2026-03-20,10:11,Live 15:32 IST,KEI.NS,KEI Industries Limited,23 Mar 2026,4190.49,4110.0,2026-03-23,-1.92,UNDER,True,
2026-03-20,10:11,Live 15:32 IST,KARURVYSYA.NS,The Karur Vysya Bank Limited,23 Mar 2026,264.01,259.0,2026-03-23,-1.9,UNDER,True,
2026-03-20,10:11,Live 15:32 IST,RBLBANK.NS,RBL Bank Limited,23 Mar 2026,297.31,294.1,2026-03-23,-1.08,UNDER,True,
2026-03-20,10:11,Live 15:32 IST,POONAWALLA.NS,Poonawalla Fincorp Limited,23 Mar 2026,393.79,389.9,2026-03-23,-0.99,UNDER,True,
2026-03-20,10:11,Live 15:32 IST,NAVINFLUOR.NS,Navin Fluorine International Limited,23 Mar 2026,6127.54,6061.0,2026-03-23,-1.09,UNDER,True,
2026-03-20,10:11,Live 15:32 IST,ICICIPRULI.NS,ICICI Prudential Life Insurance Company Limited,23 Mar 2026,552.21,545.0,2026-03-23,-1.31,UNDER,True,
2026-03-20,10:11,Live 15:32 IST,HBLENGINE.NS,HBL ENGINEERING LTD,23 Mar 2026,659.71,650.0,2026-03-23,-1.47,UNDER,True,
2026-03-20,10:11,Live 15:32 IST,AIAENG.NS,AIA Engineering Limited,23 Mar 2026,3411.09,3399.9,2026-03-23,-0.33,UNDER,True,
2026-03-20,10:11,Live 15:32 IST,NAM-INDIA.NS,Nippon Life India Asset Management Limited,23 Mar 2026,839.56,823.0,2026-03-23,-1.97,UNDER,True,
2026-03-20,10:11,Live 15:32 IST,ZFCVINDIA.NS,ZF Commercial Vehicle Control Systems India Limited,23 Mar 2026,13807.6,13770.0,2026-03-23,-0.27,UNDER,True,
2026-03-20,10:11,Live 15:32 IST,ENGINERSIN.NS,Engineers India Limited,23 Mar 2026,191.73,188.0,2026-03-23,-1.95,UNDER,True,
2026-03-20,10:11,Live 15:32 IST,SCI.NS,The Shipping Corporation of India Limited,23 Mar 2026,233.49,230.4,2026-03-23,-1.32,UNDER,True,
2026-03-20,10:11,Live 15:32 IST,GRAPHITE.NS,Graphite India Limited,23 Mar 2026,607.42,599.95,2026-03-23,-1.23,UNDER,True,
2026-03-20,10:11,Live 15:32 IST,M&MFIN.NS,Mahindra & Mahindra Financial Services Limited,23 Mar 2026,308.5,306.0,2026-03-23,-0.81,UNDER,True,
2026-03-20,10:11,Live 15:32 IST,TATACOMM.NS,Tata Communications Limited,23 Mar 2026,1417.38,1410.2,2026-03-23,-0.51,UNDER,True,
2026-03-20,10:11,Live 15:32 IST,SAILIFE.NS,SAI LIFE SCIENCES LIMITED,23 Mar 2026,1000.95,990.0,2026-03-23,-1.09,UNDER,True,
2026-03-20,10:11,Live 15:32 IST,CUB.NS,City Union Bank Limited,23 Mar 2026,241.55,239.95,2026-03-23,-0.66,UNDER,True,
2026-03-20,10:11,Live 15:32 IST,ASAHIINDIA.NS,Asahi India Glass Limited,23 Mar 2026,811.22,807.1,2026-03-23,-0.51,UNDER,True,
2026-03-20,10:11,Live 15:32 IST,USHAMART.NS,Usha Martin Limited,23 Mar 2026,401.05,397.8,2026-03-23,-0.81,UNDER,True,
2026-03-20,10:11,Live 15:32 IST,HEG.NS,HEG Limited,23 Mar 2026,498.45,490.0,2026-03-23,-1.7,UNDER,True,
2026-03-20,10:11,Live 15:32 IST,RRKABEL.NS,R R Kabel Limited,23 Mar 2026,1391.84,1379.8,2026-03-23,-0.87,UNDER,True,
2026-03-20,10:11,Live 15:32 IST,CRAFTSMAN.NS,Craftsman Automation Limited,23 Mar 2026,6914.74,6822.0,2026-03-23,-1.34,UNDER,True,
2026-03-20,10:11,Live 15:32 IST,CANFINHOME.NS,Can Fin Homes Limited,23 Mar 2026,820.79,810.0,2026-03-23,-1.31,UNDER,True,
2026-03-20,10:11,Live 15:32 IST,AADHARHFC.NS,AADHAR HOUSING FINANCE L,23 Mar 2026,450.07,447.65,2026-03-23,-0.54,UNDER,True,
2026-03-20,10:11,Live 15:32 IST,ENDURANCE.NS,Endurance Technologies Limited,23 Mar 2026,2281.57,2257.1,2026-03-23,-1.07,UNDER,True,
2026-03-20,10:11,Live 15:32 IST,EMCURE.NS,EMCURE PHARMACEUTICALS L,23 Mar 2026,1478.87,1468.2,2026-03-23,-0.72,UNDER,True,
2026-03-20,10:11,Live 15:32 IST,TIMKEN.NS,Timken India Limited,23 Mar 2026,3164.18,3140.0,2026-03-23,-0.76,UNDER,True,
2026-03-20,10:11,Live 15:32 IST,INDIACEM.NS,The India Cements Limited,23 Mar 2026,359.91,351.0,2026-03-23,-2.48,UNDER,True,
2026-03-23,06:59,Live 12:20 IST,SBILIFE.NS,SBI Life Insurance Company Limited,24 Mar 2026,1828.24,1842.0,2026-03-24,0.75,OVER,True,
2026-03-23,06:59,Live 12:20 IST,CREDITACC.NS,CreditAccess Grameen Limited,24 Mar 2026,1128.69,1145.0,2026-03-24,1.45,OVER,True,
2026-03-23,09:11,Live 14:34 IST,CHOLAHLDNG.NS,Cholamandalam Financial Holdings Limited,24 Mar 2026,1334.39,1385.0,2026-03-24,3.79,OVER,False,
2026-03-23,09:53,Live 15:16 IST,MFSL.NS,Max Financial Services Limited,24 Mar 2026,1572.13,1594.9,2026-03-24,1.45,OVER,True,
2026-03-23,10:38,Live 16:01 IST,MCX.NS,Multi Commodity Exchange of India Limited,24 Mar 2026,2316.04,2383.8,2026-03-24,2.93,OVER,True,
2026-03-23,10:38,Live 16:01 IST,VEDL.NS,Vedanta Limited,24 Mar 2026,646.16,664.0,2026-03-24,2.76,OVER,True,
2026-03-23,10:38,Live 16:01 IST,NATIONALUM.NS,National Aluminium Company Limited,24 Mar 2026,349.99,358.55,2026-03-24,2.45,OVER,True,
2026-03-23,10:38,Live 16:01 IST,ADANIPORTS.NS,Adani Ports and Special Economic Zone Limited,24 Mar 2026,1307.39,1343.0,2026-03-24,2.72,OVER,True,
2026-03-23,10:38,Live 16:01 IST,TVSMOTOR.NS,TVS Motor Company Limited,24 Mar 2026,3414.46,3458.5,2026-03-24,1.29,OVER,True,
2026-03-23,10:38,Live 16:01 IST,TATACONSUM.NS,Tata Consumer Products Limited,24 Mar 2026,1024.48,1030.9,2026-03-24,0.63,OVER,True,
2026-03-23,10:38,Live 16:01 IST,UNIONBANK.NS,Union Bank of India,24 Mar 2026,168.8,173.51,2026-03-24,2.79,OVER,True,
2026-03-23,10:38,Live 16:01 IST,INDIANB.NS,Indian Bank,24 Mar 2026,839.7,850.0,2026-03-24,1.23,OVER,True,
2026-03-23,10:38,Live 16:01 IST,PHOENIXLTD.NS,The Phoenix Mills Limited,24 Mar 2026,1478.27,1499.0,2026-03-24,1.4,OVER,True,
2026-03-23,10:38,Live 16:01 IST,LAURUSLABS.NS,Laurus Labs Limited,24 Mar 2026,962.01,978.0,2026-03-24,1.66,OVER,True,
2026-03-23,10:38,Live 16:01 IST,UPL.NS,UPL Limited,24 Mar 2026,602.59,615.0,2026-03-24,2.06,OVER,True,
2026-03-23,10:38,Live 16:01 IST,MOTILALOFS.NS,Motilal Oswal Financial Services Limited,24 Mar 2026,628.78,649.8,2026-03-24,3.34,OVER,False,
2026-03-23,10:38,Live 16:01 IST,NUVAMA.NS,Nuvama Wealth Management Limited,24 Mar 2026,1111.36,1150.0,2026-03-24,3.48,OVER,False,
2026-03-23,10:38,Live 16:01 IST,JSL.NS,Jindal Stainless Limited,24 Mar 2026,696.12,703.9,2026-03-24,1.12,OVER,True,
2026-03-23,10:38,Live 16:01 IST,INDIACEM.NS,The India Cements Limited,24 Mar 2026,349.61,355.0,2026-03-24,1.54,OVER,True,
2026-03-23,11:23,Force Run,TIMKEN.NS,Timken India Limited,24 Mar 2026,3094.75,3158.0,2026-03-24,2.04,OVER,True,
2026-03-23,11:23,Force Run,RRKABEL.NS,R R Kabel Limited,24 Mar 2026,1317.86,1364.2,2026-03-24,3.52,OVER,False,
2026-03-23,11:23,Force Run,ESCORTS.NS,Escorts Kubota Limited,24 Mar 2026,2873.33,2949.0,2026-03-24,2.63,OVER,True,
2026-03-23,11:23,Force Run,KPIL.NS,Kalpataru Projects International Limited,24 Mar 2026,1019.59,1070.0,2026-03-24,4.94,OVER,False,
2026-03-23,11:23,Force Run,LT.NS,Larsen & Toubro Limited,24 Mar 2026,3343.04,3440.0,2026-03-24,2.9,OVER,True,
2026-03-23,11:23,Force Run,UNITDSPR.NS,UNITED SPIRITS LIMITED,24 Mar 2026,1275.72,1290.9,2026-03-24,1.19,OVER,True,
2026-03-23,11:23,Force Run,TRIVENI.NS,Triveni Engineering & Industries Limited,24 Mar 2026,348.73,355.0,2026-03-24,1.8,OVER,True,
2026-03-23,11:23,Force Run,CHOLAFIN.NS,Cholamandalam Investment and Finance Company Limited,24 Mar 2026,1379.14,1400.0,2026-03-24,1.51,OVER,True,
2026-03-23,11:23,Force Run,LINDEINDIA.NS,Linde India Limited,24 Mar 2026,6774.61,6900.0,2026-03-24,1.85,OVER,True,
2026-03-23,11:23,Force Run,GRAPHITE.NS,Graphite India Limited,24 Mar 2026,563.4,576.0,2026-03-24,2.24,OVER,True,
2026-03-23,11:23,Force Run,HEG.NS,HEG Limited,24 Mar 2026,477.07,488.0,2026-03-24,2.29,OVER,True,
2026-03-23,11:23,Force Run,APOLLOTYRE.NS,Apollo Tyres Limited,24 Mar 2026,399.66,409.75,2026-03-24,2.52,OVER,True,
2026-03-23,11:23,Force Run,APLAPOLLO.NS,APL Apollo Tubes Limited,24 Mar 2026,1895.62,1945.0,2026-03-24,2.6,OVER,True,
2026-03-23,11:23,Force Run,EMCURE.NS,EMCURE PHARMACEUTICALS L,24 Mar 2026,1472.28,1499.4,2026-03-24,1.84,OVER,True,
2026-03-23,11:23,Force Run,LTFOODS.NS,LT Foods Limited,24 Mar 2026,364.9,376.0,2026-03-24,3.04,OVER,False,
2026-03-23,11:23,Force Run,PAYTM.NS,One97 Communications Limited,24 Mar 2026,991.51,1020.0,2026-03-24,2.87,OVER,True,
2026-03-23,11:23,Force Run,MARICO.NS,Marico Limited,24 Mar 2026,725.62,732.0,2026-03-24,0.88,OVER,True,
2026-03-23,11:23,Force Run,ASAHIINDIA.NS,Asahi India Glass Limited,24 Mar 2026,802.36,807.9,2026-03-24,0.69,OVER,True,
2026-03-23,11:23,Force Run,SCI.NS,The Shipping Corporation of India Limited,24 Mar 2026,219.46,229.0,2026-03-24,4.35,OVER,False,
2026-03-23,11:23,Force Run,SCHAEFFLER.NS,Schaeffler India Limited,24 Mar 2026,3958.2,4059.9,2026-03-24,2.57,OVER,True,
2026-03-23,11:23,Force Run,ADANIENSOL.NS,Adani Energy Solutions Limited,24 Mar 2026,946.43,970.1,2026-03-24,2.5,OVER,True,
2026-03-23,11:23,Force Run,ABCAPITAL.NS,Aditya Birla Capital Limited,24 Mar 2026,295.29,301.65,2026-03-24,2.15,OVER,True,
2026-03-23,11:23,Force Run,CRAFTSMAN.NS,Craftsman Automation Limited,24 Mar 2026,6547.23,6796.0,2026-03-24,3.8,OVER,False,
2026-03-23,11:23,Force Run,AXISBANK.NS,Axis Bank Limited,24 Mar 2026,1170.93,1187.0,2026-03-24,1.37,OVER,True,
2026-03-23,11:23,Force Run,JSWSTEEL.NS,JSW Steel Limited,24 Mar 2026,1111.93,1131.9,2026-03-24,1.8,OVER,True,
2026-03-23,11:23,Force Run,CUB.NS,City Union Bank Limited,24 Mar 2026,234.57,240.0,2026-03-24,2.31,OVER,True,
2026-03-23,11:23,Force Run,JINDALSTEL.NS,Jindal Steel Limited,24 Mar 2026,1107.02,1129.4,2026-03-24,2.02,OVER,True,
2026-03-23,11:23,Force Run,NYKAA.NS,FSN E-Commerce Ventures Limited,24 Mar 2026,234.9,238.2,2026-03-24,1.4,OVER,True,
2026-03-23,11:23,Force Run,M&M.NS,Mahindra & Mahindra Limited,24 Mar 2026,2958.55,3030.0,2026-03-24,2.42,OVER,True,
2026-03-23,11:23,Force Run,FEDERALBNK.NS,The Federal Bank Limited,24 Mar 2026,254.29,262.25,2026-03-24,3.13,OVER,False,
2026-03-23,11:23,Force Run,TITAN.NS,Titan Company Limited,24 Mar 2026,3853.53,3950.3,2026-03-24,2.51,OVER,True,
2026-03-23,11:23,Force Run,HINDALCO.NS,Hindalco Industries Limited,24 Mar 2026,840.8,849.0,2026-03-24,0.98,OVER,True,
2026-03-23,11:23,Force Run,MUTHOOTFIN.NS,Muthoot Finance Limited,24 Mar 2026,3116.75,3141.0,2026-03-24,0.78,OVER,True,
2026-03-23,11:23,Force Run,BHARATFORG.NS,Bharat Forge Limited,24 Mar 2026,1649.2,1700.0,2026-03-24,3.08,OVER,False,
2026-03-23,11:23,Force Run,CEATLTD.NS,CEAT Limited,24 Mar 2026,3384.29,3488.0,2026-03-24,3.06,OVER,False,
2026-03-23,11:23,Force Run,KARURVYSYA.NS,The Karur Vysya Bank Limited,24 Mar 2026,261.2,271.05,2026-03-24,3.77,OVER,False,
2026-03-23,11:23,Force Run,SHRIRAMFIN.NS,Shriram Finance Limited,24 Mar 2026,877.9,907.0,2026-03-24,3.31,OVER,False,
2026-03-23,11:23,Force Run,SUNDARMFIN.NS,Sundaram Finance Limited,24 Mar 2026,4534.97,4570.5,2026-03-24,0.78,OVER,True,
2026-03-24,06:54,Live 12:12 IST,BHARTIHEXA.NS,BHARTI HEXACOM LIMITED,25 Mar 2026,1554.97,1586.0,2026-03-25,2.0,OVER,True,
2026-03-24,10:24,Live 15:42 IST,AIAENG.NS,AIA Engineering Limited,25 Mar 2026,3373.86,3395.0,2026-03-25,0.63,OVER,True,
2026-03-24,10:24,Live 15:42 IST,TIMKEN.NS,Timken India Limited,25 Mar 2026,3140.34,3200.0,2026-03-25,1.9,OVER,True,
2026-03-24,10:24,Live 15:42 IST,RRKABEL.NS,R R Kabel Limited,25 Mar 2026,1351.79,1370.0,2026-03-25,1.35,OVER,True,
2026-03-24,10:24,Live 15:42 IST,CHOLAFIN.NS,Cholamandalam Investment and Finance Company Limited,25 Mar 2026,1421.6,1442.0,2026-03-25,1.44,OVER,True,
2026-03-24,10:24,Live 15:42 IST,USHAMART.NS,Usha Martin Limited,25 Mar 2026,393.08,399.9,2026-03-25,1.74,OVER,True,
2026-03-24,10:24,Live 15:42 IST,HEG.NS,HEG Limited,25 Mar 2026,489.1,496.0,2026-03-25,1.41,OVER,True,
2026-03-24,10:24,Live 15:42 IST,PAYTM.NS,One97 Communications Limited,25 Mar 2026,1036.77,1049.0,2026-03-25,1.18,OVER,True,
2026-03-24,10:24,Live 15:42 IST,HINDPETRO.NS,Hindustan Petroleum Corporation Limited,25 Mar 2026,336.23,345.0,2026-03-25,2.61,OVER,True,
2026-03-24,10:24,Live 15:42 IST,APLAPOLLO.NS,APL Apollo Tubes Limited,25 Mar 2026,1975.71,2000.0,2026-03-25,1.23,OVER,True,
2026-03-24,10:24,Live 15:42 IST,EMCURE.NS,EMCURE PHARMACEUTICALS L,25 Mar 2026,1539.87,1564.5,2026-03-25,1.6,OVER,True,
2026-03-24,10:24,Live 15:42 IST,MARICO.NS,Marico Limited,25 Mar 2026,739.77,747.9,2026-03-25,1.1,OVER,True,
2026-03-24,10:24,Live 15:42 IST,ASAHIINDIA.NS,Asahi India Glass Limited,25 Mar 2026,813.45,817.5,2026-03-25,0.5,OVER,True,
2026-03-24,10:24,Live 15:42 IST,PETRONET.NS,Petronet LNG Limited,25 Mar 2026,241.8,246.65,2026-03-25,2.01,OVER,True,
2026-03-24,10:24,Live 15:42 IST,AXISBANK.NS,Axis Bank Limited,25 Mar 2026,1193.35,1200.0,2026-03-25,0.56,OVER,True,
2026-03-24,10:24,Live 15:42 IST,HINDZINC.NS,Hindustan Zinc Limited,25 Mar 2026,496.65,511.0,2026-03-25,2.89,OVER,True,
2026-03-24,10:24,Live 15:42 IST,EICHERMOT.NS,Eicher Motors Limited,25 Mar 2026,6869.8,6988.0,2026-03-25,1.72,OVER,True,
2026-03-24,10:24,Live 15:42 IST,HINDALCO.NS,Hindalco Industries Limited,25 Mar 2026,855.77,866.0,2026-03-25,1.2,OVER,True,
2026-03-24,10:24,Live 15:42 IST,NETWEB.NS,Netweb Technologies India Limited,25 Mar 2026,3198.05,3230.0,2026-03-25,1.0,OVER,True,
2026-03-24,10:24,Live 15:42 IST,KARURVYSYA.NS,The Karur Vysya Bank Limited,25 Mar 2026,272.5,275.0,2026-03-25,0.92,OVER,True,
2026-03-24,10:24,Live 15:42 IST,MUTHOOTFIN.NS,Muthoot Finance Limited,25 Mar 2026,3157.6,3219.9,2026-03-25,1.97,OVER,True,
2026-03-24,10:24,Live 15:42 IST,HINDCOPPER.NS,Hindustan Copper Limited,25 Mar 2026,463.28,472.5,2026-03-25,1.99,OVER,True,
2026-03-24,10:24,Live 15:42 IST,JSWSTEEL.NS,JSW Steel Limited,25 Mar 2026,1133.16,1140.0,2026-03-25,0.6,OVER,True,
2026-03-24,10:24,Live 15:42 IST,ADANIENSOL.NS,Adani Energy Solutions Limited,25 Mar 2026,967.59,971.9,2026-03-25,0.45,OVER,True,
2026-03-23,10:38,Live 16:01 IST,MARUTI.NS,Maruti Suzuki India Limited,27 Mar 2026,12349.33,12626.0,2026-03-27,2.24,OVER,True,
2026-03-23,11:23,Force Run,HYUNDAI.NS,HYUNDAI MOTOR INDIA LTD,26 Mar 2026,1867.28,1862.0,2026-03-27,-0.28,UNDER,True,Checked on 2026-03-27 (next trading day after 26 Mar 2026)
2026-03-24,06:54,Live 12:12 IST,LTFOODS.NS,LT Foods Limited,26 Mar 2026,372.65,383.0,2026-03-27,2.78,OVER,True,Checked on 2026-03-27 (next trading day after 26 Mar 2026)
2026-03-24,06:54,Live 12:12 IST,VOLTAS.NS,Voltas Limited,27 Mar 2026,1272.73,1350.0,2026-03-27,6.07,OVER,False,
2026-03-24,06:54,Live 12:12 IST,PNB.NS,Punjab National Bank,26 Mar 2026,106.34,109.12,2026-03-27,2.61,OVER,True,Checked on 2026-03-27 (next trading day after 26 Mar 2026)
2026-03-24,06:54,Live 12:12 IST,CANBK.NS,Canara Bank,26 Mar 2026,131.79,134.8,2026-03-27,2.28,OVER,True,Checked on 2026-03-27 (next trading day after 26 Mar 2026)
2026-03-24,09:50,Live 15:10 IST,M&M.NS,Mahindra & Mahindra Limited,27 Mar 2026,3033.32,3100.0,2026-03-27,2.2,OVER,True,
2026-03-24,10:24,Live 15:42 IST,ENDURANCE.NS,Endurance Technologies Limited,26 Mar 2026,2237.65,2323.1,2026-03-27,3.82,OVER,False,Checked on 2026-03-27 (next trading day after 26 Mar 2026)
2026-03-24,10:24,Live 15:42 IST,TITAN.NS,Titan Company Limited,27 Mar 2026,3903.28,4000.0,2026-03-27,2.48,OVER,True,
2026-03-24,10:24,Live 15:42 IST,GLENMARK.NS,Glenmark Pharmaceuticals Limited,26 Mar 2026,2095.89,2168.5,2026-03-27,3.46,OVER,False,Checked on 2026-03-27 (next trading day after 26 Mar 2026)
2026-03-25,06:17,Live 11:35 IST,ENGINERSIN.NS,Engineers India Limited,26 Mar 2026,194.86,193.5,2026-03-27,-0.7,UNDER,True,Checked on 2026-03-27 (next trading day after 26 Mar 2026)
2026-03-25,06:17,Live 11:35 IST,PETRONET.NS,Petronet LNG Limited,26 Mar 2026,248.82,253.0,2026-03-27,1.68,OVER,True,Checked on 2026-03-27 (next trading day after 26 Mar 2026)
2026-03-25,10:24,Live 15:42 IST,HBLENGINE.NS,HBL ENGINEERING LTD,27 Mar 2026,666.08,666.0,2026-03-27,-0.01,UNDER,True,
2026-03-25,10:24,Live 15:42 IST,GPIL.NS,Godawari Power & Ispat Limited,26 Mar 2026,277.28,277.3,2026-03-27,0.01,OVER,True,Checked on 2026-03-27 (next trading day after 26 Mar 2026)
2026-03-25,10:24,Live 15:42 IST,ENRIN.NS,Siemens Energy India Limited,26 Mar 2026,2767.59,2749.1,2026-03-27,-0.67,UNDER,True,Checked on 2026-03-27 (next trading day after 26 Mar 2026)
2026-03-25,10:24,Live 15:42 IST,AIAENG.NS,AIA Engineering Limited,26 Mar 2026,3488.54,3486.4,2026-03-27,-0.06,UNDER,True,Checked on 2026-03-27 (next trading day after 26 Mar 2026)
2026-03-25,10:24,Live 15:42 IST,ASTRAL.NS,Astral Limited,27 Mar 2026,1643.43,1635.0,2026-03-27,-0.51,UNDER,True,
2026-03-25,10:24,Live 15:42 IST,RRKABEL.NS,R R Kabel Limited,26 Mar 2026,1347.92,1342.7,2026-03-27,-0.39,UNDER,True,Checked on 2026-03-27 (next trading day after 26 Mar 2026)
2026-03-25,10:24,Live 15:42 IST,ZFCVINDIA.NS,ZF Commercial Vehicle Control Systems India Limited,26 Mar 2026,13577.1,13451.0,2026-03-27,-0.93,UNDER,True,Checked on 2026-03-27 (next trading day after 26 Mar 2026)
2026-03-25,10:24,Live 15:42 IST,ESCORTS.NS,Escorts Kubota Limited,26 Mar 2026,2967.27,2947.0,2026-03-27,-0.68,UNDER,True,Checked on 2026-03-27 (next trading day after 26 Mar 2026)
2026-03-25,10:24,Live 15:42 IST,BANDHANBNK.NS,Bandhan Bank Limited,26 Mar 2026,153.31,152.76,2026-03-27,-0.36,UNDER,True,Checked on 2026-03-27 (next trading day after 26 Mar 2026)
2026-03-25,10:24,Live 15:42 IST,SUNTV.NS,Sun TV Network Limited,27 Mar 2026,608.53,602.0,2026-03-27,-1.07,UNDER,True,
2026-03-25,10:24,Live 15:42 IST,TIMKEN.NS,Timken India Limited,26 Mar 2026,3309.25,3265.1,2026-03-27,-1.33,UNDER,True,Checked on 2026-03-27 (next trading day after 26 Mar 2026)
2026-03-25,10:24,Live 15:42 IST,CHOLAFIN.NS,Cholamandalam Investment and Finance Company Limited,26 Mar 2026,1474.32,1470.0,2026-03-27,-0.29,UNDER,True,Checked on 2026-03-27 (next trading day after 26 Mar 2026)
2026-03-25,10:24,Live 15:42 IST,M&MFIN.NS,Mahindra & Mahindra Financial Services Limited,26 Mar 2026,315.53,315.8,2026-03-27,0.09,OVER,True,Checked on 2026-03-27 (next trading day after 26 Mar 2026)
2026-03-25,10:24,Live 15:42 IST,USHAMART.NS,Usha Martin Limited,26 Mar 2026,414.14,414.5,2026-03-27,0.09,OVER,True,Checked on 2026-03-27 (next trading day after 26 Mar 2026)
2026-03-25,10:24,Live 15:42 IST,HEG.NS,HEG Limited,26 Mar 2026,503.46,503.1,2026-03-27,-0.07,UNDER,True,Checked on 2026-03-27 (next trading day after 26 Mar 2026)
2026-03-25,10:24,Live 15:42 IST,GRAPHITE.NS,Graphite India Limited,27 Mar 2026,595.28,597.1,2026-03-27,0.31,OVER,True,
2026-03-25,10:24,Live 15:42 IST,KEI.NS,KEI Industries Limited,27 Mar 2026,4185.86,4196.0,2026-03-27,0.24,OVER,True,
2026-03-25,10:24,Live 15:42 IST,COCHINSHIP.NS,Cochin Shipyard Limited,26 Mar 2026,1315.63,1305.1,2026-03-27,-0.8,UNDER,True,Checked on 2026-03-27 (next trading day after 26 Mar 2026)
2026-03-25,10:24,Live 15:42 IST,POLYCAB.NS,Polycab India Limited,27 Mar 2026,7130.48,7046.0,2026-03-27,-1.18,UNDER,True,
2026-03-25,10:24,Live 15:42 IST,HINDPETRO.NS,Hindustan Petroleum Corporation Limited,26 Mar 2026,343.95,352.5,2026-03-27,2.49,OVER,True,Checked on 2026-03-27 (next trading day after 26 Mar 2026)
2026-03-25,10:24,Live 15:42 IST,PAYTM.NS,One97 Communications Limited,26 Mar 2026,1066.03,1059.0,2026-03-27,-0.66,UNDER,True,Checked on 2026-03-27 (next trading day after 26 Mar 2026)
2026-03-25,10:24,Live 15:42 IST,APLAPOLLO.NS,APL Apollo Tubes Limited,26 Mar 2026,1999.67,1970.1,2026-03-27,-1.48,UNDER,True,Checked on 2026-03-27 (next trading day after 26 Mar 2026)
2026-03-25,10:24,Live 15:42 IST,IOC.NS,Indian Oil Corporation Limited,26 Mar 2026,140.39,142.99,2026-03-27,1.85,OVER,True,Checked on 2026-03-27 (next trading day after 26 Mar 2026)
2026-03-25,10:24,Live 15:42 IST,AUBANK.NS,AU Small Finance Bank Limited,26 Mar 2026,909.71,900.0,2026-03-27,-1.07,UNDER,True,Checked on 2026-03-27 (next trading day after 26 Mar 2026)
2026-03-25,10:24,Live 15:42 IST,HEROMOTOCO.NS,Hero MotoCorp Limited,26 Mar 2026,5285.62,5212.0,2026-03-27,-1.39,UNDER,True,Checked on 2026-03-27 (next trading day after 26 Mar 2026)
2026-03-25,10:24,Live 15:42 IST,ASAHIINDIA.NS,Asahi India Glass Limited,26 Mar 2026,836.61,835.0,2026-03-27,-0.19,UNDER,True,Checked on 2026-03-27 (next trading day after 26 Mar 2026)
2026-03-25,10:24,Live 15:42 IST,MRPL.NS,Mangalore Refinery and Petrochemicals Limited,26 Mar 2026,185.97,186.0,2026-03-27,0.02,OVER,True,Checked on 2026-03-27 (next trading day after 26 Mar 2026)
2026-03-25,10:24,Live 15:42 IST,ATHERENERG.NS,Ather Energy Limited,26 Mar 2026,774.92,772.8,2026-03-27,-0.27,UNDER,True,Checked on 2026-03-27 (next trading day after 26 Mar 2026)
2026-03-25,10:24,Live 15:42 IST,HINDZINC.NS,Hindustan Zinc Limited,26 Mar 2026,518.4,506.95,2026-03-27,-2.21,UNDER,True,Checked on 2026-03-27 (next trading day after 26 Mar 2026)
2026-03-25,10:24,Live 15:42 IST,HAL.NS,Hindustan Aeronautics Limited,27 Mar 2026,3661.78,3665.0,2026-03-27,0.09,OVER,True,
2026-03-25,10:24,Live 15:42 IST,MARICO.NS,Marico Limited,26 Mar 2026,753.72,744.0,2026-03-27,-1.29,UNDER,True,Checked on 2026-03-27 (next trading day after 26 Mar 2026)
2026-03-25,10:24,Live 15:42 IST,RBLBANK.NS,RBL Bank Limited,26 Mar 2026,303.62,303.5,2026-03-27,-0.04,UNDER,True,Checked on 2026-03-27 (next trading day after 26 Mar 2026)
2026-03-25,10:24,Live 15:42 IST,SCHAEFFLER.NS,Schaeffler India Limited,26 Mar 2026,4062.42,4030.0,2026-03-27,-0.8,UNDER,True,Checked on 2026-03-27 (next trading day after 26 Mar 2026)
2026-03-25,10:24,Live 15:42 IST,MOTHERSON.NS,Samvardhana Motherson International Limited,26 Mar 2026,113.13,112.5,2026-03-27,-0.56,UNDER,True,Checked on 2026-03-27 (next trading day after 26 Mar 2026)
2026-03-25,10:24,Live 15:42 IST,UNOMINDA.NS,Uno Minda Limited,26 Mar 2026,1087.2,1075.6,2026-03-27,-1.07,UNDER,True,Checked on 2026-03-27 (next trading day after 26 Mar 2026)
2026-03-25,10:24,Live 15:42 IST,SCI.NS,The Shipping Corporation of India Limited,26 Mar 2026,233.18,230.0,2026-03-27,-1.36,UNDER,True,Checked on 2026-03-27 (next trading day after 26 Mar 2026)
2026-03-25,10:24,Live 15:42 IST,AXISBANK.NS,Axis Bank Limited,26 Mar 2026,1221.89,1209.5,2026-03-27,-1.01,UNDER,True,Checked on 2026-03-27 (next trading day after 26 Mar 2026)
2026-03-25,10:24,Live 15:42 IST,JINDALSTEL.NS,Jindal Steel Limited,26 Mar 2026,1143.02,1135.9,2026-03-27,-0.62,UNDER,True,Checked on 2026-03-27 (next trading day after 26 Mar 2026)
2026-03-25,10:24,Live 15:42 IST,ABCAPITAL.NS,Aditya Birla Capital Limited,26 Mar 2026,314.49,311.4,2026-03-27,-0.98,UNDER,True,Checked on 2026-03-27 (next trading day after 26 Mar 2026)
2026-03-25,10:24,Live 15:42 IST,EICHERMOT.NS,Eicher Motors Limited,26 Mar 2026,6994.33,6915.0,2026-03-27,-1.13,UNDER,True,Checked on 2026-03-27 (next trading day after 26 Mar 2026)
2026-03-25,10:24,Live 15:42 IST,CRAFTSMAN.NS,Craftsman Automation Limited,26 Mar 2026,7047.01,6988.5,2026-03-27,-0.83,UNDER,True,Checked on 2026-03-27 (next trading day after 26 Mar 2026)
2026-03-25,10:24,Live 15:42 IST,NETWEB.NS,Netweb Technologies India Limited,26 Mar 2026,3253.25,3232.0,2026-03-27,-0.65,UNDER,True,Checked on 2026-03-27 (next trading day after 26 Mar 2026)
2026-03-25,10:24,Live 15:42 IST,NYKAA.NS,FSN E-Commerce Ventures Limited,26 Mar 2026,243.99,241.5,2026-03-27,-1.02,UNDER,True,Checked on 2026-03-27 (next trading day after 26 Mar 2026)
2026-03-25,10:24,Live 15:42 IST,SAIL.NS,Steel Authority of India Limited,26 Mar 2026,151.47,150.1,2026-03-27,-0.9,UNDER,True,Checked on 2026-03-27 (next trading day after 26 Mar 2026)
2026-03-25,10:24,Live 15:42 IST,FEDERALBNK.NS,The Federal Bank Limited,26 Mar 2026,270.99,269.0,2026-03-27,-0.73,UNDER,True,Checked on 2026-03-27 (next trading day after 26 Mar 2026)
2026-03-25,10:24,Live 15:42 IST,CUB.NS,City Union Bank Limited,26 Mar 2026,252.51,248.5,2026-03-27,-1.59,UNDER,True,Checked on 2026-03-27 (next trading day after 26 Mar 2026)
2026-03-25,10:24,Live 15:42 IST,BANKBARODA.NS,Bank of Baroda Limited,26 Mar 2026,272.47,269.5,2026-03-27,-1.09,UNDER,True,Checked on 2026-03-27 (next trading day after 26 Mar 2026)
2026-03-25,10:24,Live 15:42 IST,BPCL.NS,Bharat Petroleum Corporation Limited,26 Mar 2026,284.4,290.0,2026-03-27,1.97,OVER,True,Checked on 2026-03-27 (next trading day after 26 Mar 2026)
2026-03-25,10:24,Live 15:42 IST,SBIN.NS,State Bank of India,27 Mar 2026,1058.7,1051.3,2026-03-27,-0.7,UNDER,True,
2026-03-25,10:24,Live 15:42 IST,HINDALCO.NS,Hindalco Industries Limited,26 Mar 2026,869.23,860.0,2026-03-27,-1.06,UNDER,True,Checked on 2026-03-27 (next trading day after 26 Mar 2026)
2026-03-25,10:24,Live 15:42 IST,BEL.NS,Bharat Electronics Limited,27 Mar 2026,413.27,411.9,2026-03-27,-0.33,UNDER,True,
2026-03-25,10:24,Live 15:42 IST,TATASTEEL.NS,Tata Steel Limited,26 Mar 2026,196.53,194.32,2026-03-27,-1.12,UNDER,True,Checked on 2026-03-27 (next trading day after 26 Mar 2026)
2026-03-25,10:24,Live 15:42 IST,BHARATFORG.NS,Bharat Forge Limited,27 Mar 2026,1736.52,1721.0,2026-03-27,-0.89,UNDER,True,
2026-03-25,10:24,Live 15:42 IST,CHENNPETRO.NS,Chennai Petroleum Corporation Limited,26 Mar 2026,1001.78,990.0,2026-03-27,-1.18,UNDER,True,Checked on 2026-03-27 (next trading day after 26 Mar 2026)
2026-03-25,10:24,Live 15:42 IST,CUMMINSIND.NS,Cummins India Limited,27 Mar 2026,4733.02,4730.6,2026-03-27,-0.05,UNDER,True,
2026-03-25,10:24,Live 15:42 IST,KARURVYSYA.NS,The Karur Vysya Bank Limited,26 Mar 2026,285.08,281.0,2026-03-27,-1.43,UNDER,True,Checked on 2026-03-27 (next trading day after 26 Mar 2026)
2026-03-25,10:24,Live 15:42 IST,HINDCOPPER.NS,Hindustan Copper Limited,26 Mar 2026,480.75,479.0,2026-03-27,-0.36,UNDER,True,Checked on 2026-03-27 (next trading day after 26 Mar 2026)
2026-03-25,10:24,Live 15:42 IST,MUTHOOTFIN.NS,Muthoot Finance Limited,26 Mar 2026,3320.08,3284.1,2026-03-27,-1.08,UNDER,True,Checked on 2026-03-27 (next trading day after 26 Mar 2026)
2026-03-25,10:24,Live 15:42 IST,SHRIRAMFIN.NS,Shriram Finance Limited,27 Mar 2026,955.9,950.0,2026-03-27,-0.62,UNDER,True,
2026-03-25,10:24,Live 15:42 IST,OIL.NS,Oil India Limited,27 Mar 2026,470.3,473.7,2026-03-27,0.72,OVER,True,
2026-03-25,10:24,Live 15:42 IST,BHEL.NS,Bharat Heavy Electricals Limited,26 Mar 2026,261.78,260.3,2026-03-27,-0.57,UNDER,True,Checked on 2026-03-27 (next trading day after 26 Mar 2026)
2026-03-25,10:24,Live 15:42 IST,BANKINDIA.NS,Bank of India Limited,26 Mar 2026,149.33,148.52,2026-03-27,-0.54,UNDER,True,Checked on 2026-03-27 (next trading day after 26 Mar 2026)
2026-03-24,08:12,Live 13:33 IST,TRIVENI.NS,Triveni Engineering & Industries Limited,30 Mar 2026,360.55,387.95,2026-03-30,7.6,OVER,False,
2026-03-27,09:09,Live 14:30 IST,PNB.NS,Punjab National Bank,30 Mar 2026,105.11,103.32,2026-03-30,-1.7,UNDER,True,
2026-03-27,09:49,Live 15:09 IST,HEG.NS,HEG Limited,30 Mar 2026,555.85,560.0,2026-03-30,0.75,OVER,True,
2026-03-27,10:20,Live 15:40 IST,HBLENGINE.NS,HBL ENGINEERING LTD,30 Mar 2026,641.4,634.1,2026-03-30,-1.14,UNDER,True,
2026-03-27,10:20,Live 15:40 IST,GPIL.NS,Godawari Power & Ispat Limited,30 Mar 2026,272.26,272.0,2026-03-30,-0.1,UNDER,True,
2026-03-27,10:20,Live 15:40 IST,SUNTV.NS,Sun TV Network Limited,30 Mar 2026,585.99,575.0,2026-03-30,-1.88,UNDER,True,
2026-03-27,10:20,Live 15:40 IST,ENRIN.NS,Siemens Energy India Limited,30 Mar 2026,2633.18,2619.2,2026-03-30,-0.53,UNDER,True,
2026-03-27,10:20,Live 15:40 IST,ASTRAL.NS,Astral Limited,30 Mar 2026,1617.67,1590.0,2026-03-30,-1.71,UNDER,True,
2026-03-27,10:20,Live 15:40 IST,RRKABEL.NS,R R Kabel Limited,30 Mar 2026,1316.0,1300.0,2026-03-30,-1.22,UNDER,True,
2026-03-27,10:20,Live 15:40 IST,SONACOMS.NS,Sona BLW Precision Forgings Limited,30 Mar 2026,489.48,484.05,2026-03-30,-1.11,UNDER,True,
2026-03-27,10:20,Live 15:40 IST,ZFCVINDIA.NS,ZF Commercial Vehicle Control Systems India Limited,30 Mar 2026,13684.68,13650.0,2026-03-30,-0.25,UNDER,True,
2026-03-27,10:20,Live 15:40 IST,ESCORTS.NS,Escorts Kubota Limited,30 Mar 2026,2843.46,2820.0,2026-03-30,-0.83,UNDER,True,
2026-03-27,10:20,Live 15:40 IST,TIMKEN.NS,Timken India Limited,30 Mar 2026,3321.8,3237.0,2026-03-30,-2.55,UNDER,True,
2026-03-27,10:20,Live 15:40 IST,M&MFIN.NS,Mahindra & Mahindra Financial Services Limited,30 Mar 2026,302.26,296.3,2026-03-30,-1.97,UNDER,True,
2026-03-27,10:20,Live 15:40 IST,KEI.NS,KEI Industries Limited,30 Mar 2026,4121.28,4074.0,2026-03-30,-1.15,UNDER,True,
2026-03-27,10:20,Live 15:40 IST,POLYCAB.NS,Polycab India Limited,30 Mar 2026,7055.91,6941.5,2026-03-30,-1.62,UNDER,True,
2026-03-27,10:20,Live 15:40 IST,PAYTM.NS,One97 Communications Limited,30 Mar 2026,1008.6,992.0,2026-03-30,-1.65,UNDER,True,
2026-03-27,10:20,Live 15:40 IST,AUBANK.NS,AU Small Finance Bank Limited,30 Mar 2026,884.08,877.6,2026-03-30,-0.73,UNDER,True,
2026-03-27,10:20,Live 15:40 IST,MRPL.NS,Mangalore Refinery and Petrochemicals Limited,30 Mar 2026,177.34,175.0,2026-03-30,-1.32,UNDER,True,
2026-03-27,10:20,Live 15:40 IST,IOC.NS,Indian Oil Corporation Limited,30 Mar 2026,137.81,135.38,2026-03-30,-1.76,UNDER,True,
2026-03-27,10:20,Live 15:40 IST,SAILIFE.NS,SAI LIFE SCIENCES LIMITED,30 Mar 2026,985.52,978.0,2026-03-30,-0.76,UNDER,True,
2026-03-27,10:20,Live 15:40 IST,APLAPOLLO.NS,APL Apollo Tubes Limited,30 Mar 2026,1987.5,1970.0,2026-03-30,-0.88,UNDER,True,
2026-03-27,10:20,Live 15:40 IST,RBLBANK.NS,RBL Bank Limited,30 Mar 2026,296.01,292.1,2026-03-30,-1.32,UNDER,True,
2026-03-27,10:20,Live 15:40 IST,ASAHIINDIA.NS,Asahi India Glass Limited,30 Mar 2026,819.38,806.0,2026-03-30,-1.63,UNDER,True,
2026-03-27,10:20,Live 15:40 IST,MARICO.NS,Marico Limited,30 Mar 2026,742.62,739.0,2026-03-30,-0.49,UNDER,True,
2026-03-27,10:20,Live 15:40 IST,ENGINERSIN.NS,Engineers India Limited,30 Mar 2026,190.01,186.0,2026-03-30,-2.11,UNDER,True,
2026-03-27,10:20,Live 15:40 IST,HEROMOTOCO.NS,Hero MotoCorp Limited,30 Mar 2026,5147.46,5068.0,2026-03-30,-1.54,UNDER,True,
2026-03-27,10:20,Live 15:40 IST,JBCHEPHARM.NS,J. B. Chemicals & Pharmaceuticals Limited,30 Mar 2026,2057.35,2048.9,2026-03-30,-0.41,UNDER,True,
2026-03-27,10:20,Live 15:40 IST,DATAPATTNS.NS,Data Patterns (India) Limited,30 Mar 2026,3149.51,3113.0,2026-03-30,-1.16,UNDER,True,
2026-03-27,10:20,Live 15:40 IST,SAIL.NS,Steel Authority of India Limited,30 Mar 2026,146.7,146.2,2026-03-30,-0.34,UNDER,True,
2026-03-27,10:20,Live 15:40 IST,SCI.NS,The Shipping Corporation of India Limited,30 Mar 2026,228.99,226.5,2026-03-30,-1.09,UNDER,True,
2026-03-27,10:20,Live 15:40 IST,HINDPETRO.NS,Hindustan Petroleum Corporation Limited,30 Mar 2026,341.33,332.0,2026-03-30,-2.73,UNDER,True,
2026-03-27,10:20,Live 15:40 IST,BANKBARODA.NS,Bank of Baroda Limited,30 Mar 2026,260.88,254.6,2026-03-30,-2.41,UNDER,True,
2026-03-27,10:20,Live 15:40 IST,AXISBANK.NS,Axis Bank Limited,30 Mar 2026,1205.47,1185.1,2026-03-30,-1.69,UNDER,True,
2026-03-27,10:20,Live 15:40 IST,MOTHERSON.NS,Samvardhana Motherson International Limited,30 Mar 2026,109.43,106.9,2026-03-30,-2.31,UNDER,True,
2026-03-27,10:20,Live 15:40 IST,SCHAEFFLER.NS,Schaeffler India Limited,30 Mar 2026,3989.9,3901.0,2026-03-30,-2.23,UNDER,True,
2026-03-27,10:20,Live 15:40 IST,JINDALSTEL.NS,Jindal Steel Limited,30 Mar 2026,1132.89,1117.0,2026-03-30,-1.4,UNDER,True,
2026-03-27,10:20,Live 15:40 IST,EICHERMOT.NS,Eicher Motors Limited,30 Mar 2026,6814.42,6730.5,2026-03-30,-1.23,UNDER,True,
2026-03-27,10:20,Live 15:40 IST,NYKAA.NS,FSN E-Commerce Ventures Limited,30 Mar 2026,239.8,235.55,2026-03-30,-1.77,UNDER,True,
2026-03-27,10:20,Live 15:40 IST,CUB.NS,City Union Bank Limited,30 Mar 2026,253.92,248.05,2026-03-30,-2.31,UNDER,True,
2026-03-27,10:20,Live 15:40 IST,CHENNPETRO.NS,Chennai Petroleum Corporation Limited,30 Mar 2026,960.74,950.0,2026-03-30,-1.12,UNDER,True,
2026-03-27,10:20,Live 15:40 IST,BPCL.NS,Bharat Petroleum Corporation Limited,30 Mar 2026,282.84,274.95,2026-03-30,-2.79,UNDER,True,
2026-03-27,10:20,Live 15:40 IST,SBIN.NS,State Bank of India,30 Mar 2026,1020.03,1005.0,2026-03-30,-1.47,UNDER,True,
2026-03-27,10:20,Live 15:40 IST,FEDERALBNK.NS,The Federal Bank Limited,30 Mar 2026,269.45,268.0,2026-03-30,-0.54,UNDER,True,
2026-03-27,10:20,Live 15:40 IST,TATASTEEL.NS,Tata Steel Limited,30 Mar 2026,193.44,192.0,2026-03-30,-0.74,UNDER,True,
2026-03-27,10:20,Live 15:40 IST,BEL.NS,Bharat Electronics Limited,30 Mar 2026,404.7,400.0,2026-03-30,-1.16,UNDER,True,
2026-03-27,10:20,Live 15:40 IST,GMDCLTD.NS,Gujarat Mineral Development Corporation Limited,30 Mar 2026,567.17,560.0,2026-03-30,-1.26,UNDER,True,
2026-03-27,10:20,Live 15:40 IST,CUMMINSIND.NS,Cummins India Limited,30 Mar 2026,4632.1,4551.0,2026-03-30,-1.75,UNDER,True,
2026-03-27,10:20,Live 15:40 IST,HINDALCO.NS,Hindalco Industries Limited,30 Mar 2026,867.37,876.0,2026-03-30,0.99,OVER,True,
2026-03-27,10:20,Live 15:40 IST,BHEL.NS,Bharat Heavy Electricals Limited,30 Mar 2026,255.04,250.35,2026-03-30,-1.84,UNDER,True,
2026-03-27,10:20,Live 15:40 IST,OIL.NS,Oil India Limited,30 Mar 2026,477.61,478.0,2026-03-30,0.08,OVER,True,
2026-03-27,10:20,Live 15:40 IST,BHARATFORG.NS,Bharat Forge Limited,30 Mar 2026,1723.83,1690.0,2026-03-30,-1.96,UNDER,True,
2026-03-27,10:20,Live 15:40 IST,BANKINDIA.NS,Bank of India Limited,30 Mar 2026,145.09,141.11,2026-03-30,-2.74,UNDER,True,
2026-03-27,10:20,Live 15:40 IST,GRAPHITE.NS,Graphite India Limited,30 Mar 2026,639.88,626.05,2026-03-30,-2.16,UNDER,True,
2026-03-27,10:20,Live 15:40 IST,HINDCOPPER.NS,Hindustan Copper Limited,30 Mar 2026,494.63,484.0,2026-03-30,-2.15,UNDER,True,
2026-03-27,10:20,Live 15:40 IST,CANBK.NS,Canara Bank,30 Mar 2026,130.6,127.91,2026-03-30,-2.06,UNDER,True,
2026-03-27,10:20,Live 15:40 IST,JSWSTEEL.NS,JSW Steel Limited,30 Mar 2026,1132.78,1130.0,2026-03-30,-0.25,UNDER,True,
2026-03-30,10:52,Live 16:13 IST,HBLENGINE.NS,HBL ENGINEERING LTD,31 Mar 2026,615.95,640.05,2026-04-01,3.91,OVER,False,Checked on 2026-04-01 (next trading day after 31 Mar 2026)
2026-03-30,10:52,Live 16:13 IST,SUNTV.NS,Sun TV Network Limited,31 Mar 2026,568.12,572.0,2026-04-01,0.68,OVER,True,Checked on 2026-04-01 (next trading day after 31 Mar 2026)
2026-03-30,10:52,Live 16:13 IST,CHOLAFIN.NS,Cholamandalam Investment and Finance Company Limited,31 Mar 2026,1353.34,1401.9,2026-04-01,3.59,OVER,False,Checked on 2026-04-01 (next trading day after 31 Mar 2026)
2026-03-30,10:52,Live 16:13 IST,ASTRAL.NS,Astral Limited,31 Mar 2026,1601.66,1622.1,2026-04-01,1.28,OVER,True,Checked on 2026-04-01 (next trading day after 31 Mar 2026)
2026-03-30,10:52,Live 16:13 IST,RRKABEL.NS,R R Kabel Limited,31 Mar 2026,1293.47,1340.0,2026-04-01,3.6,OVER,False,Checked on 2026-04-01 (next trading day after 31 Mar 2026)
2026-03-30,10:52,Live 16:13 IST,ZFCVINDIA.NS,ZF Commercial Vehicle Control Systems India Limited,31 Mar 2026,13785.3,13899.0,2026-04-01,0.82,OVER,True,Checked on 2026-04-01 (next trading day after 31 Mar 2026)
2026-03-30,10:52,Live 16:13 IST,BELRISE.NS,BELRISE INDUSTRIES LTD,01 Apr 2026,186.22,190.81,2026-04-01,2.46,OVER,True,
2026-03-30,10:52,Live 16:13 IST,TIMKEN.NS,Timken India Limited,01 Apr 2026,3226.07,3325.0,2026-04-01,3.07,OVER,False,
2026-03-30,10:52,Live 16:13 IST,AIAENG.NS,AIA Engineering Limited,31 Mar 2026,3635.72,3660.0,2026-04-01,0.67,OVER,True,Checked on 2026-04-01 (next trading day after 31 Mar 2026)
2026-03-30,10:52,Live 16:13 IST,AIIL.NS,Authum Investment & Infrastructure Limited,01 Apr 2026,429.35,447.65,2026-04-01,4.26,OVER,False,
2026-03-30,10:52,Live 16:13 IST,LINDEINDIA.NS,Linde India Limited,01 Apr 2026,6836.99,7089.0,2026-04-01,3.69,OVER,False,
2026-03-30,10:52,Live 16:13 IST,USHAMART.NS,Usha Martin Limited,31 Mar 2026,391.52,410.15,2026-04-01,4.76,OVER,False,Checked on 2026-04-01 (next trading day after 31 Mar 2026)
2026-03-30,10:52,Live 16:13 IST,KEI.NS,KEI Industries Limited,31 Mar 2026,4047.15,4131.2,2026-04-01,2.08,OVER,True,Checked on 2026-04-01 (next trading day after 31 Mar 2026)
2026-03-30,10:52,Live 16:13 IST,AADHARHFC.NS,AADHAR HOUSING FINANCE L,01 Apr 2026,447.72,449.05,2026-04-01,0.3,OVER,True,
2026-03-30,10:52,Live 16:13 IST,UNITDSPR.NS,UNITED SPIRITS LIMITED,01 Apr 2026,1216.79,1262.5,2026-04-01,3.76,OVER,False,
2026-03-30,10:52,Live 16:13 IST,POLYCAB.NS,Polycab India Limited,31 Mar 2026,6847.87,7148.5,2026-04-01,4.39,OVER,False,Checked on 2026-04-01 (next trading day after 31 Mar 2026)
2026-03-30,10:52,Live 16:13 IST,TEGA.NS,Tega Industries Limited,31 Mar 2026,1660.5,1685.0,2026-04-01,1.48,OVER,True,Checked on 2026-04-01 (next trading day after 31 Mar 2026)
2026-03-30,10:52,Live 16:13 IST,HINDPETRO.NS,Hindustan Petroleum Corporation Limited,31 Mar 2026,335.89,350.0,2026-04-01,4.2,OVER,False,Checked on 2026-04-01 (next trading day after 31 Mar 2026)
2026-03-30,10:52,Live 16:13 IST,PAYTM.NS,One97 Communications Limited,31 Mar 2026,959.26,989.95,2026-04-01,3.2,OVER,False,Checked on 2026-04-01 (next trading day after 31 Mar 2026)
2026-03-30,10:52,Live 16:13 IST,ENGINERSIN.NS,Engineers India Limited,31 Mar 2026,182.21,191.33,2026-04-01,5.01,OVER,False,Checked on 2026-04-01 (next trading day after 31 Mar 2026)
2026-03-30,10:52,Live 16:13 IST,SAILIFE.NS,SAI LIFE SCIENCES LIMITED,31 Mar 2026,972.88,1000.0,2026-04-01,2.79,OVER,True,Checked on 2026-04-01 (next trading day after 31 Mar 2026)
2026-03-30,10:52,Live 16:13 IST,SCHAEFFLER.NS,Schaeffler India Limited,31 Mar 2026,3847.64,3890.0,2026-04-01,1.1,OVER,True,Checked on 2026-04-01 (next trading day after 31 Mar 2026)
2026-03-30,10:52,Live 16:13 IST,APLAPOLLO.NS,APL Apollo Tubes Limited,31 Mar 2026,1939.02,1978.2,2026-04-01,2.02,OVER,True,Checked on 2026-04-01 (next trading day after 31 Mar 2026)
2026-03-30,10:52,Live 16:13 IST,IOC.NS,Indian Oil Corporation Limited,31 Mar 2026,135.45,140.0,2026-04-01,3.36,OVER,False,Checked on 2026-04-01 (next trading day after 31 Mar 2026)
2026-03-30,10:52,Live 16:13 IST,ASAHIINDIA.NS,Asahi India Glass Limited,31 Mar 2026,785.23,814.0,2026-04-01,3.66,OVER,False,Checked on 2026-04-01 (next trading day after 31 Mar 2026)
2026-03-30,10:52,Live 16:13 IST,DATAPATTNS.NS,Data Patterns (India) Limited,31 Mar 2026,3039.17,3140.0,2026-04-01,3.32,OVER,False,Checked on 2026-04-01 (next trading day after 31 Mar 2026)
2026-03-30,10:52,Live 16:13 IST,RBLBANK.NS,RBL Bank Limited,31 Mar 2026,290.32,295.0,2026-04-01,1.61,OVER,True,Checked on 2026-04-01 (next trading day after 31 Mar 2026)
2026-03-30,10:52,Live 16:13 IST,BANKBARODA.NS,Bank of Baroda Limited,31 Mar 2026,248.26,253.0,2026-04-01,1.91,OVER,True,Checked on 2026-04-01 (next trading day after 31 Mar 2026)
2026-03-30,10:52,Live 16:13 IST,MARICO.NS,Marico Limited,01 Apr 2026,736.39,752.0,2026-04-01,2.12,OVER,True,
2026-03-30,10:52,Live 16:13 IST,HEROMOTOCO.NS,Hero MotoCorp Limited,31 Mar 2026,5064.15,5152.0,2026-04-01,1.73,OVER,True,Checked on 2026-04-01 (next trading day after 31 Mar 2026)
2026-03-30,10:52,Live 16:13 IST,MRPL.NS,Mangalore Refinery and Petrochemicals Limited,31 Mar 2026,180.18,183.0,2026-04-01,1.57,OVER,True,Checked on 2026-04-01 (next trading day after 31 Mar 2026)
2026-03-30,10:52,Live 16:13 IST,ABCAPITAL.NS,Aditya Birla Capital Limited,31 Mar 2026,292.43,303.0,2026-04-01,3.61,OVER,False,Checked on 2026-04-01 (next trading day after 31 Mar 2026)
2026-03-30,10:52,Live 16:13 IST,JBCHEPHARM.NS,J. B. Chemicals & Pharmaceuticals Limited,31 Mar 2026,2065.28,2071.9,2026-04-01,0.32,OVER,True,Checked on 2026-04-01 (next trading day after 31 Mar 2026)
2026-03-30,10:52,Live 16:13 IST,ATHERENERG.NS,Ather Energy Limited,01 Apr 2026,753.86,780.0,2026-04-01,3.47,OVER,False,
2026-03-30,10:52,Live 16:13 IST,PNB.NS,Punjab National Bank,31 Mar 2026,100.7,104.55,2026-04-01,3.82,OVER,False,Checked on 2026-04-01 (next trading day after 31 Mar 2026)
2026-03-30,10:52,Live 16:13 IST,VTL.NS,Vardhman Textiles Limited,31 Mar 2026,522.75,525.0,2026-04-01,0.43,OVER,True,Checked on 2026-04-01 (next trading day after 31 Mar 2026)
2026-03-30,10:52,Live 16:13 IST,BHEL.NS,Bharat Heavy Electricals Limited,31 Mar 2026,245.98,254.5,2026-04-01,3.46,OVER,False,Checked on 2026-04-01 (next trading day after 31 Mar 2026)
2026-03-30,10:52,Live 16:13 IST,EICHERMOT.NS,Eicher Motors Limited,31 Mar 2026,6591.92,6787.5,2026-04-01,2.97,OVER,True,Checked on 2026-04-01 (next trading day after 31 Mar 2026)
2026-03-30,10:52,Live 16:13 IST,LTF.NS,L&T Finance Limited,01 Apr 2026,240.26,248.86,2026-04-01,3.58,OVER,False,
2026-03-30,10:52,Live 16:13 IST,CRAFTSMAN.NS,Craftsman Automation Limited,01 Apr 2026,6974.44,7140.5,2026-04-01,2.38,OVER,True,
2026-03-30,10:52,Live 16:13 IST,GESHIP.NS,The Great Eastern Shipping Company Limited,31 Mar 2026,1414.23,1449.0,2026-04-01,2.46,OVER,True,Checked on 2026-04-01 (next trading day after 31 Mar 2026)
2026-03-30,10:52,Live 16:13 IST,CEATLTD.NS,CEAT Limited,31 Mar 2026,3242.64,3390.0,2026-04-01,4.54,OVER,False,Checked on 2026-04-01 (next trading day after 31 Mar 2026)
2026-03-30,10:52,Live 16:13 IST,BEL.NS,Bharat Electronics Limited,31 Mar 2026,401.29,415.0,2026-04-01,3.42,OVER,False,Checked on 2026-04-01 (next trading day after 31 Mar 2026)
2026-03-30,10:52,Live 16:13 IST,ABSLAMC.NS,Aditya Birla Sun Life AMC Limited,31 Mar 2026,878.93,910.0,2026-04-01,3.53,OVER,False,Checked on 2026-04-01 (next trading day after 31 Mar 2026)
2026-03-30,10:52,Live 16:13 IST,SAIL.NS,Steel Authority of India Limited,31 Mar 2026,151.48,155.6,2026-04-01,2.72,OVER,True,Checked on 2026-04-01 (next trading day after 31 Mar 2026)
2026-03-30,10:52,Live 16:13 IST,CUMMINSIND.NS,Cummins India Limited,31 Mar 2026,4507.58,4640.0,2026-04-01,2.94,OVER,True,Checked on 2026-04-01 (next trading day after 31 Mar 2026)
2026-03-30,10:52,Live 16:13 IST,CHENNPETRO.NS,Chennai Petroleum Corporation Limited,31 Mar 2026,968.78,995.0,2026-04-01,2.71,OVER,True,Checked on 2026-04-01 (next trading day after 31 Mar 2026)
2026-03-30,10:52,Live 16:13 IST,TATASTEEL.NS,Tata Steel Limited,31 Mar 2026,192.06,200.0,2026-04-01,4.13,OVER,False,Checked on 2026-04-01 (next trading day after 31 Mar 2026)
2026-03-30,10:52,Live 16:13 IST,BPCL.NS,Bharat Petroleum Corporation Limited,31 Mar 2026,281.21,292.0,2026-04-01,3.84,OVER,False,Checked on 2026-04-01 (next trading day after 31 Mar 2026)
2026-03-30,10:52,Live 16:13 IST,GMDCLTD.NS,Gujarat Mineral Development Corporation Limited,31 Mar 2026,566.94,582.1,2026-04-01,2.67,OVER,True,Checked on 2026-04-01 (next trading day after 31 Mar 2026)
2026-03-30,10:52,Live 16:13 IST,BHARATFORG.NS,Bharat Forge Limited,31 Mar 2026,1675.58,1710.0,2026-04-01,2.05,OVER,True,Checked on 2026-04-01 (next trading day after 31 Mar 2026)
2026-03-30,10:52,Live 16:13 IST,BANKINDIA.NS,Bank of India Limited,31 Mar 2026,137.15,142.81,2026-04-01,4.13,OVER,False,Checked on 2026-04-01 (next trading day after 31 Mar 2026)
2026-03-30,10:52,Live 16:13 IST,OIL.NS,Oil India Limited,31 Mar 2026,475.73,480.0,2026-04-01,0.9,OVER,True,Checked on 2026-04-01 (next trading day after 31 Mar 2026)
2026-03-30,10:52,Live 16:13 IST,CANBK.NS,Canara Bank,31 Mar 2026,123.58,128.02,2026-04-01,3.59,OVER,False,Checked on 2026-04-01 (next trading day after 31 Mar 2026)
2026-03-30,10:52,Live 16:13 IST,HINDALCO.NS,Hindalco Industries Limited,31 Mar 2026,885.29,909.0,2026-04-01,2.68,OVER,True,Checked on 2026-04-01 (next trading day after 31 Mar 2026)
2026-03-30,10:52,Live 16:13 IST,NAVINFLUOR.NS,Navin Fluorine International Limited,01 Apr 2026,6160.63,6248.0,2026-04-01,1.42,OVER,True,
2026-03-30,10:52,Live 16:13 IST,BHARTIHEXA.NS,BHARTI HEXACOM LIMITED,31 Mar 2026,1508.0,1514.7,2026-04-01,0.44,OVER,True,Checked on 2026-04-01 (next trading day after 31 Mar 2026)
2026-03-30,10:52,Live 16:13 IST,KARURVYSYA.NS,The Karur Vysya Bank Limited,31 Mar 2026,289.2,299.4,2026-04-01,3.53,OVER,False,Checked on 2026-04-01 (next trading day after 31 Mar 2026)
2026-03-30,10:52,Live 16:13 IST,UNIONBANK.NS,Union Bank of India,31 Mar 2026,164.69,171.0,2026-04-01,3.83,OVER,False,Checked on 2026-04-01 (next trading day after 31 Mar 2026)
2026-03-30,10:52,Live 16:13 IST,M&M.NS,Mahindra & Mahindra Limited,31 Mar 2026,2955.1,3079.9,2026-04-01,4.22,OVER,False,Checked on 2026-04-01 (next trading day after 31 Mar 2026)
2026-03-30,10:52,Live 16:13 IST,TITAN.NS,Titan Company Limited,31 Mar 2026,3955.42,4000.0,2026-04-01,1.13,OVER,True,Checked on 2026-04-01 (next trading day after 31 Mar 2026)
2026-03-30,10:52,Live 16:13 IST,JSWSTEEL.NS,JSW Steel Limited,31 Mar 2026,1124.43,1141.9,2026-04-01,1.55,OVER,True,Checked on 2026-04-01 (next trading day after 31 Mar 2026)
2026-04-01,09:24,Live 14:44 IST,AADHARHFC.NS,AADHAR HOUSING FINANCE L,02 Apr 2026,449.19,448.0,2026-04-02,-0.26,UNDER,True,
2026-04-01,10:42,Live 16:03 IST,ASTRAL.NS,Astral Limited,02 Apr 2026,1570.99,1539.8,2026-04-02,-1.99,UNDER,True,
2026-04-01,10:42,Live 16:03 IST,RRKABEL.NS,R R Kabel Limited,02 Apr 2026,1333.74,1320.2,2026-04-02,-1.02,UNDER,True,
2026-04-01,10:42,Live 16:03 IST,BELRISE.NS,BELRISE INDUSTRIES LTD,02 Apr 2026,189.2,187.4,2026-04-02,-0.95,UNDER,True,
2026-04-01,10:42,Live 16:03 IST,AIAENG.NS,AIA Engineering Limited,02 Apr 2026,3681.57,3611.3,2026-04-02,-1.91,UNDER,True,
2026-04-01,10:42,Live 16:03 IST,AIIL.NS,Authum Investment & Infrastructure Limited,02 Apr 2026,432.37,428.5,2026-04-02,-0.9,UNDER,True,
2026-04-01,10:42,Live 16:03 IST,TIMKEN.NS,Timken India Limited,02 Apr 2026,3339.48,3309.9,2026-04-02,-0.89,UNDER,True,
2026-04-01,10:42,Live 16:03 IST,LINDEINDIA.NS,Linde India Limited,02 Apr 2026,6997.47,6900.0,2026-04-02,-1.39,UNDER,True,
2026-04-01,10:42,Live 16:03 IST,ZFCVINDIA.NS,ZF Commercial Vehicle Control Systems India Limited,02 Apr 2026,14381.65,14797.0,2026-04-02,2.89,OVER,True,
2026-04-01,10:42,Live 16:03 IST,USHAMART.NS,Usha Martin Limited,02 Apr 2026,406.85,404.0,2026-04-02,-0.7,UNDER,True,
2026-04-01,10:42,Live 16:03 IST,POLYCAB.NS,Polycab India Limited,02 Apr 2026,6940.71,6860.0,2026-04-02,-1.16,UNDER,True,
2026-04-01,10:42,Live 16:03 IST,KEI.NS,KEI Industries Limited,02 Apr 2026,4142.03,4100.0,2026-04-02,-1.01,UNDER,True,
2026-04-01,10:42,Live 16:03 IST,HINDPETRO.NS,Hindustan Petroleum Corporation Limited,02 Apr 2026,336.24,329.0,2026-04-02,-2.15,UNDER,True,
2026-04-01,10:42,Live 16:03 IST,PAYTM.NS,One97 Communications Limited,02 Apr 2026,998.1,988.0,2026-04-02,-1.01,UNDER,True,
2026-04-01,10:42,Live 16:03 IST,SAILIFE.NS,SAI LIFE SCIENCES LIMITED,02 Apr 2026,979.58,975.9,2026-04-02,-0.38,UNDER,True,
2026-04-01,10:42,Live 16:03 IST,APLAPOLLO.NS,APL Apollo Tubes Limited,02 Apr 2026,1935.85,1929.0,2026-04-02,-0.35,UNDER,True,
2026-04-01,10:42,Live 16:03 IST,UNITDSPR.NS,UNITED SPIRITS LIMITED,02 Apr 2026,1248.05,1238.1,2026-04-02,-0.8,UNDER,True,
2026-04-01,10:42,Live 16:03 IST,MARICO.NS,Marico Limited,02 Apr 2026,744.14,742.1,2026-04-02,-0.27,UNDER,True,
2026-04-01,10:42,Live 16:03 IST,GRSE.NS,Garden Reach Shipbuilders & Engineers Limited,02 Apr 2026,2365.66,2302.0,2026-04-02,-2.69,UNDER,True,
2026-04-01,10:42,Live 16:03 IST,ATHERENERG.NS,Ather Energy Limited,02 Apr 2026,770.39,760.8,2026-04-02,-1.24,UNDER,True,
2026-04-01,10:42,Live 16:03 IST,RBLBANK.NS,RBL Bank Limited,02 Apr 2026,301.63,297.95,2026-04-02,-1.22,UNDER,True,
2026-04-01,10:42,Live 16:03 IST,ABCAPITAL.NS,Aditya Birla Capital Limited,02 Apr 2026,302.71,298.9,2026-04-02,-1.26,UNDER,True,
2026-04-01,10:42,Live 16:03 IST,CRAFTSMAN.NS,Craftsman Automation Limited,02 Apr 2026,6834.85,6800.0,2026-04-02,-0.51,UNDER,True,
2026-04-01,10:42,Live 16:03 IST,EICHERMOT.NS,Eicher Motors Limited,02 Apr 2026,6831.79,6766.0,2026-04-02,-0.96,UNDER,True,
2026-04-01,10:42,Live 16:03 IST,LTF.NS,L&T Finance Limited,02 Apr 2026,244.57,240.1,2026-04-02,-1.83,UNDER,True,
2026-04-01,10:42,Live 16:03 IST,CUMMINSIND.NS,Cummins India Limited,02 Apr 2026,4613.72,4593.0,2026-04-02,-0.45,UNDER,True,
2026-04-01,10:42,Live 16:03 IST,BEL.NS,Bharat Electronics Limited,02 Apr 2026,419.01,417.0,2026-04-02,-0.48,UNDER,True,
2026-04-01,10:42,Live 16:03 IST,NAVINFLUOR.NS,Navin Fluorine International Limited,02 Apr 2026,6028.42,5900.0,2026-04-02,-2.13,UNDER,True,
2026-04-01,10:42,Live 16:03 IST,BHEL.NS,Bharat Heavy Electricals Limited,02 Apr 2026,252.12,248.95,2026-04-02,-1.26,UNDER,True,
2026-04-01,10:42,Live 16:03 IST,CHENNPETRO.NS,Chennai Petroleum Corporation Limited,02 Apr 2026,1018.72,1002.1,2026-04-02,-1.63,UNDER,True,
2026-04-01,10:42,Live 16:03 IST,BANKINDIA.NS,Bank of India Limited,02 Apr 2026,141.9,139.5,2026-04-02,-1.69,UNDER,True,
2026-04-01,10:42,Live 16:03 IST,CEATLTD.NS,CEAT Limited,02 Apr 2026,3386.83,3326.0,2026-04-02,-1.8,UNDER,True,
2026-04-01,10:42,Live 16:03 IST,KARURVYSYA.NS,The Karur Vysya Bank Limited,02 Apr 2026,292.28,288.9,2026-04-02,-1.16,UNDER,True,
2026-03-23,10:38,Live 16:01 IST,BDL.NS,Bharat Dynamics Limited,03 Apr 2026,1155.49,1189.8,2026-04-06,2.97,OVER,True,Checked on 2026-04-06 (next trading day after 03 Apr 2026)
2026-03-27,10:20,Live 15:40 IST,BANDHANBNK.NS,Bandhan Bank Limited,03 Apr 2026,149.08,148.0,2026-04-06,-0.72,UNDER,True,Checked on 2026-04-06 (next trading day after 03 Apr 2026)
2026-03-30,10:52,Live 16:13 IST,SUNDARMFIN.NS,Sundaram Finance Limited,06 Apr 2026,4372.18,4538.0,2026-04-06,3.79,OVER,False,
2026-04-02,06:05,Force Run,JSWSTEEL.NS,JSW Steel Limited,06 Apr 2026,1113.27,1132.0,2026-04-06,1.68,OVER,True,
2026-04-02,07:01,Live 12:23 IST,ENGINERSIN.NS,Engineers India Limited,03 Apr 2026,193.44,199.0,2026-04-06,2.87,OVER,True,Checked on 2026-04-06 (next trading day after 03 Apr 2026)
2026-04-02,07:01,Live 12:23 IST,HINDCOPPER.NS,Hindustan Copper Limited,06 Apr 2026,476.57,492.5,2026-04-06,3.34,OVER,False,
2026-04-02,07:01,Live 12:23 IST,UNIONBANK.NS,Union Bank of India,03 Apr 2026,165.2,173.1,2026-04-06,4.78,OVER,False,Checked on 2026-04-06 (next trading day after 03 Apr 2026)
2026-04-02,09:16,Live 14:36 IST,ADANIENSOL.NS,Adani Energy Solutions Limited,03 Apr 2026,928.58,941.9,2026-04-06,1.43,OVER,True,Checked on 2026-04-06 (next trading day after 03 Apr 2026)
2026-04-02,09:54,Live 15:15 IST,AJANTPHARM.NS,Ajanta Pharma Limited,06 Apr 2026,2790.74,2810.0,2026-04-06,0.69,OVER,True,
2026-04-02,09:54,Live 15:15 IST,GLENMARK.NS,Glenmark Pharmaceuticals Limited,03 Apr 2026,2097.8,2079.3,2026-04-06,-0.88,UNDER,True,Checked on 2026-04-06 (next trading day after 03 Apr 2026)
2026-04-02,10:37,Live 15:59 IST,HBLENGINE.NS,HBL ENGINEERING LTD,06 Apr 2026,667.31,666.95,2026-04-06,-0.05,UNDER,True,
2026-04-02,10:37,Live 15:59 IST,ASTRAL.NS,Astral Limited,03 Apr 2026,1554.72,1553.5,2026-04-06,-0.08,UNDER,True,Checked on 2026-04-06 (next trading day after 03 Apr 2026)
2026-04-02,10:37,Live 15:59 IST,SUNTV.NS,Sun TV Network Limited,03 Apr 2026,594.6,587.5,2026-04-06,-1.19,UNDER,True,Checked on 2026-04-06 (next trading day after 03 Apr 2026)
2026-04-02,10:37,Live 15:59 IST,RRKABEL.NS,R R Kabel Limited,03 Apr 2026,1335.27,1339.9,2026-04-06,0.35,OVER,True,Checked on 2026-04-06 (next trading day after 03 Apr 2026)
2026-04-02,10:37,Live 15:59 IST,SONACOMS.NS,Sona BLW Precision Forgings Limited,06 Apr 2026,496.04,499.5,2026-04-06,0.7,OVER,True,
2026-04-02,10:37,Live 15:59 IST,MSUMI.NS,Motherson Sumi Wiring India Limited,06 Apr 2026,37.06,37.07,2026-04-06,0.03,OVER,True,
2026-04-02,10:37,Live 15:59 IST,SUPREMEIND.NS,The Supreme Industries Limited,03 Apr 2026,3638.72,3649.2,2026-04-06,0.29,OVER,True,Checked on 2026-04-06 (next trading day after 03 Apr 2026)
2026-04-02,10:37,Live 15:59 IST,ATUL.NS,Atul Ltd,06 Apr 2026,6292.66,6300.0,2026-04-06,0.12,OVER,True,
2026-04-02,10:37,Live 15:59 IST,ESCORTS.NS,Escorts Kubota Limited,03 Apr 2026,2842.29,2842.1,2026-04-06,-0.01,UNDER,True,Checked on 2026-04-06 (next trading day after 03 Apr 2026)
2026-04-02,10:37,Live 15:59 IST,POONAWALLA.NS,Poonawalla Fincorp Limited,06 Apr 2026,391.98,394.0,2026-04-06,0.52,OVER,True,
2026-04-02,10:37,Live 15:59 IST,AIIL.NS,Authum Investment & Infrastructure Limited,03 Apr 2026,419.83,419.65,2026-04-06,-0.04,UNDER,True,Checked on 2026-04-06 (next trading day after 03 Apr 2026)
2026-04-02,10:37,Live 15:59 IST,CHOLAFIN.NS,Cholamandalam Investment and Finance Company Limited,03 Apr 2026,1356.01,1373.6,2026-04-06,1.3,OVER,True,Checked on 2026-04-06 (next trading day after 03 Apr 2026)
2026-04-02,10:37,Live 15:59 IST,BELRISE.NS,BELRISE INDUSTRIES LTD,06 Apr 2026,190.97,193.0,2026-04-06,1.06,OVER,True,
2026-04-02,10:37,Live 15:59 IST,M&MFIN.NS,Mahindra & Mahindra Financial Services Limited,06 Apr 2026,284.62,287.4,2026-04-06,0.98,OVER,True,
2026-04-02,10:37,Live 15:59 IST,AIAENG.NS,AIA Engineering Limited,06 Apr 2026,3679.15,3642.1,2026-04-06,-1.01,UNDER,True,
2026-04-02,10:37,Live 15:59 IST,VOLTAS.NS,Voltas Limited,06 Apr 2026,1235.01,1225.0,2026-04-06,-0.81,UNDER,True,
2026-04-02,10:37,Live 15:59 IST,TIMKEN.NS,Timken India Limited,03 Apr 2026,3350.54,3347.8,2026-04-06,-0.08,UNDER,True,Checked on 2026-04-06 (next trading day after 03 Apr 2026)
2026-04-02,10:37,Live 15:59 IST,ZFCVINDIA.NS,ZF Commercial Vehicle Control Systems India Limited,06 Apr 2026,13996.09,13930.0,2026-04-06,-0.47,UNDER,True,
2026-04-02,10:37,Live 15:59 IST,AADHARHFC.NS,AADHAR HOUSING FINANCE L,03 Apr 2026,439.5,443.0,2026-04-06,0.8,OVER,True,Checked on 2026-04-06 (next trading day after 03 Apr 2026)
2026-04-02,10:37,Live 15:59 IST,USHAMART.NS,Usha Martin Limited,06 Apr 2026,405.87,404.5,2026-04-06,-0.34,UNDER,True,
2026-04-02,10:37,Live 15:59 IST,HINDPETRO.NS,Hindustan Petroleum Corporation Limited,06 Apr 2026,326.11,326.0,2026-04-06,-0.03,UNDER,True,
2026-04-02,10:37,Live 15:59 IST,CANFINHOME.NS,Can Fin Homes Limited,03 Apr 2026,821.52,814.4,2026-04-06,-0.87,UNDER,True,Checked on 2026-04-06 (next trading day after 03 Apr 2026)
2026-04-02,10:37,Live 15:59 IST,POLYCAB.NS,Polycab India Limited,03 Apr 2026,6881.69,6925.0,2026-04-06,0.63,OVER,True,Checked on 2026-04-06 (next trading day after 03 Apr 2026)
2026-04-02,10:37,Live 15:59 IST,COCHINSHIP.NS,Cochin Shipyard Limited,06 Apr 2026,1313.75,1310.0,2026-04-06,-0.29,UNDER,True,
2026-04-02,10:37,Live 15:59 IST,PAYTM.NS,One97 Communications Limited,03 Apr 2026,1006.37,1002.0,2026-04-06,-0.43,UNDER,True,Checked on 2026-04-06 (next trading day after 03 Apr 2026)
2026-04-02,10:37,Live 15:59 IST,APLAPOLLO.NS,APL Apollo Tubes Limited,03 Apr 2026,1899.99,1904.9,2026-04-06,0.26,OVER,True,Checked on 2026-04-06 (next trading day after 03 Apr 2026)
2026-04-02,10:37,Live 15:59 IST,JKTYRE.NS,JK Tyre & Industries Limited,03 Apr 2026,388.49,390.05,2026-04-06,0.4,OVER,True,Checked on 2026-04-06 (next trading day after 03 Apr 2026)
2026-04-02,10:37,Live 15:59 IST,SAILIFE.NS,SAI LIFE SCIENCES LIMITED,06 Apr 2026,960.14,964.0,2026-04-06,0.4,OVER,True,
2026-04-02,10:37,Live 15:59 IST,TEGA.NS,Tega Industries Limited,06 Apr 2026,1724.73,1704.0,2026-04-06,-1.2,UNDER,True,
2026-04-02,10:37,Live 15:59 IST,AUBANK.NS,AU Small Finance Bank Limited,03 Apr 2026,867.77,880.95,2026-04-06,1.52,OVER,True,Checked on 2026-04-06 (next trading day after 03 Apr 2026)
2026-04-02,10:37,Live 15:59 IST,DATAPATTNS.NS,Data Patterns (India) Limited,06 Apr 2026,3054.12,3068.0,2026-04-06,0.45,OVER,True,
2026-04-02,10:37,Live 15:59 IST,UNITDSPR.NS,UNITED SPIRITS LIMITED,03 Apr 2026,1221.94,1225.2,2026-04-06,0.27,OVER,True,Checked on 2026-04-06 (next trading day after 03 Apr 2026)
2026-04-02,10:37,Live 15:59 IST,MAHABANK.NS,Bank of Maharashtra,03 Apr 2026,63.89,64.22,2026-04-06,0.52,OVER,True,Checked on 2026-04-06 (next trading day after 03 Apr 2026)
2026-04-02,10:37,Live 15:59 IST,UNOMINDA.NS,Uno Minda Limited,06 Apr 2026,1024.15,1033.9,2026-04-06,0.95,OVER,True,
2026-04-02,10:37,Live 15:59 IST,ABCAPITAL.NS,Aditya Birla Capital Limited,06 Apr 2026,298.5,299.6,2026-04-06,0.37,OVER,True,
2026-04-02,10:37,Live 15:59 IST,BANKBARODA.NS,Bank of Baroda Limited,06 Apr 2026,249.62,252.61,2026-04-06,1.2,OVER,True,
2026-04-02,10:37,Live 15:59 IST,MARICO.NS,Marico Limited,06 Apr 2026,761.48,764.0,2026-04-06,0.33,OVER,True,
2026-04-02,10:37,Live 15:59 IST,SCI.NS,The Shipping Corporation of India Limited,06 Apr 2026,228.09,230.0,2026-04-06,0.84,OVER,True,
2026-04-02,10:37,Live 15:59 IST,CRAFTSMAN.NS,Craftsman Automation Limited,03 Apr 2026,6801.6,6789.5,2026-04-06,-0.18,UNDER,True,Checked on 2026-04-06 (next trading day after 03 Apr 2026)
2026-04-02,10:37,Live 15:59 IST,VTL.NS,Vardhman Textiles Limited,03 Apr 2026,536.18,535.0,2026-04-06,-0.22,UNDER,True,Checked on 2026-04-06 (next trading day after 03 Apr 2026)
2026-04-02,10:37,Live 15:59 IST,GRSE.NS,Garden Reach Shipbuilders & Engineers Limited,03 Apr 2026,2255.02,2270.0,2026-04-06,0.66,OVER,True,Checked on 2026-04-06 (next trading day after 03 Apr 2026)
2026-04-02,10:37,Live 15:59 IST,HINDZINC.NS,Hindustan Zinc Limited,06 Apr 2026,514.2,515.75,2026-04-06,0.3,OVER,True,
2026-04-02,10:37,Live 15:59 IST,LTF.NS,L&T Finance Limited,03 Apr 2026,240.48,243.9,2026-04-06,1.42,OVER,True,Checked on 2026-04-06 (next trading day after 03 Apr 2026)
2026-04-02,10:37,Live 15:59 IST,CUB.NS,City Union Bank Limited,06 Apr 2026,240.32,242.89,2026-04-06,1.07,OVER,True,
2026-04-02,10:37,Live 15:59 IST,EICHERMOT.NS,Eicher Motors Limited,03 Apr 2026,6651.48,6699.0,2026-04-06,0.71,OVER,True,Checked on 2026-04-06 (next trading day after 03 Apr 2026)
2026-04-02,10:37,Live 15:59 IST,GESHIP.NS,The Great Eastern Shipping Company Limited,06 Apr 2026,1439.4,1439.6,2026-04-06,0.01,OVER,True,
2026-04-02,10:37,Live 15:59 IST,SBIN.NS,State Bank of India,06 Apr 2026,1017.68,1020.0,2026-04-06,0.23,OVER,True,
2026-04-02,10:37,Live 15:59 IST,NAVINFLUOR.NS,Navin Fluorine International Limited,06 Apr 2026,5897.32,5891.0,2026-04-06,-0.11,UNDER,True,
2026-04-02,10:37,Live 15:59 IST,NYKAA.NS,FSN E-Commerce Ventures Limited,06 Apr 2026,245.55,246.3,2026-04-06,0.31,OVER,True,
2026-04-02,10:37,Live 15:59 IST,MUTHOOTFIN.NS,Muthoot Finance Limited,06 Apr 2026,3179.2,3196.1,2026-04-06,0.53,OVER,True,
2026-04-02,10:37,Live 15:59 IST,JINDALSTEL.NS,Jindal Steel Limited,06 Apr 2026,1136.79,1131.0,2026-04-06,-0.51,UNDER,True,
2026-04-02,10:37,Live 15:59 IST,INDUSTOWER.NS,Indus Towers Limited,06 Apr 2026,424.3,422.0,2026-04-06,-0.54,UNDER,True,
2026-04-02,10:37,Live 15:59 IST,TATASTEEL.NS,Tata Steel Limited,06 Apr 2026,194.06,193.02,2026-04-06,-0.54,UNDER,True,
2026-04-02,10:37,Live 15:59 IST,SAIL.NS,Steel Authority of India Limited,06 Apr 2026,155.11,153.9,2026-04-06,-0.78,UNDER,True,
2026-04-02,10:37,Live 15:59 IST,CUMMINSIND.NS,Cummins India Limited,06 Apr 2026,4648.56,4680.2,2026-04-06,0.68,OVER,True,
2026-04-02,10:37,Live 15:59 IST,BHEL.NS,Bharat Heavy Electricals Limited,06 Apr 2026,248.24,249.41,2026-04-06,0.47,OVER,True,
2026-04-02,10:37,Live 15:59 IST,KARURVYSYA.NS,The Karur Vysya Bank Limited,06 Apr 2026,272.79,275.0,2026-04-06,0.81,OVER,True,
2026-04-02,10:37,Live 15:59 IST,BEL.NS,Bharat Electronics Limited,03 Apr 2026,422.13,422.0,2026-04-06,-0.03,UNDER,True,Checked on 2026-04-06 (next trading day after 03 Apr 2026)
2026-04-02,10:37,Live 15:59 IST,BANKINDIA.NS,Bank of India Limited,03 Apr 2026,139.22,140.38,2026-04-06,0.83,OVER,True,Checked on 2026-04-06 (next trading day after 03 Apr 2026)
2026-04-02,10:37,Live 15:59 IST,SHRIRAMFIN.NS,Shriram Finance Limited,06 Apr 2026,891.19,895.0,2026-04-06,0.43,OVER,True,
2026-04-02,10:37,Live 15:59 IST,CEATLTD.NS,CEAT Limited,06 Apr 2026,3373.1,3370.0,2026-04-06,-0.09,UNDER,True,
2026-04-02,10:37,Live 15:59 IST,GMDCLTD.NS,Gujarat Mineral Development Corporation Limited,03 Apr 2026,581.25,581.0,2026-04-06,-0.04,UNDER,True,Checked on 2026-04-06 (next trading day after 03 Apr 2026)
2026-04-02,10:37,Live 15:59 IST,HINDALCO.NS,Hindalco Industries Limited,06 Apr 2026,916.39,917.2,2026-04-06,0.09,OVER,True,
2026-04-02,10:37,Live 15:59 IST,KPIL.NS,Kalpataru Projects International Limited,03 Apr 2026,1104.3,1092.0,2026-04-06,-1.11,UNDER,True,Checked on 2026-04-06 (next trading day after 03 Apr 2026)
2026-04-02,10:37,Live 15:59 IST,CANBK.NS,Canara Bank,06 Apr 2026,127.02,127.2,2026-04-06,0.14,OVER,True,
2026-04-02,10:37,Live 15:59 IST,TORNTPHARM.NS,Torrent Pharmaceuticals Limited,03 Apr 2026,3991.2,3987.2,2026-04-06,-0.1,UNDER,True,Checked on 2026-04-06 (next trading day after 03 Apr 2026)
2026-03-23,10:38,Live 16:01 IST,ASHOKLEY.NS,Ashok Leyland Limited,07 Apr 2026,161.28,150.0,2026-04-07,-6.99,UNDER,False,
2026-04-06,06:15,Live 11:36 IST,HINDCOPPER.NS,Hindustan Copper Limited,07 Apr 2026,497.33,500.95,2026-04-07,0.73,OVER,True,
2026-04-06,07:24,Live 12:41 IST,ESCORTS.NS,Escorts Kubota Limited,07 Apr 2026,2879.28,2885.0,2026-04-07,0.2,OVER,True,
2026-04-06,07:24,Live 12:41 IST,SAIL.NS,Steel Authority of India Limited,07 Apr 2026,157.29,159.42,2026-04-07,1.35,OVER,True,
2026-04-06,08:17,Live 13:38 IST,COCHINSHIP.NS,Cochin Shipyard Limited,07 Apr 2026,1329.75,1333.9,2026-04-07,0.31,OVER,True,
2026-04-06,08:17,Live 13:38 IST,AADHARHFC.NS,AADHAR HOUSING FINANCE L,07 Apr 2026,447.46,444.0,2026-04-07,-0.77,UNDER,True,
2026-04-06,09:27,Live 14:45 IST,PNBHOUSING.NS,PNB Housing Finance Limited,07 Apr 2026,815.7,814.05,2026-04-07,-0.2,UNDER,True,
2026-04-06,10:04,Live 15:24 IST,SUPREMEIND.NS,The Supreme Industries Limited,07 Apr 2026,3677.34,3650.0,2026-04-07,-0.74,UNDER,True,
2026-04-06,10:04,Live 15:24 IST,ENGINERSIN.NS,Engineers India Limited,07 Apr 2026,201.99,199.7,2026-04-07,-1.13,UNDER,True,
2026-04-06,10:45,Live 16:06 IST,HBLENGINE.NS,HBL ENGINEERING LTD,07 Apr 2026,674.23,678.5,2026-04-07,0.63,OVER,True,
2026-04-06,10:45,Live 16:06 IST,M&MFIN.NS,Mahindra & Mahindra Financial Services Limited,07 Apr 2026,281.14,282.2,2026-04-07,0.38,OVER,True,
2026-04-06,10:45,Live 16:06 IST,SUNTV.NS,Sun TV Network Limited,07 Apr 2026,588.53,581.0,2026-04-07,-1.28,UNDER,True,
2026-04-06,10:45,Live 16:06 IST,ASTRAL.NS,Astral Limited,07 Apr 2026,1524.38,1519.5,2026-04-07,-0.32,UNDER,True,
2026-04-06,10:45,Live 16:06 IST,ZFCVINDIA.NS,ZF Commercial Vehicle Control Systems India Limited,07 Apr 2026,13729.79,13606.0,2026-04-07,-0.9,UNDER,True,
2026-04-06,10:45,Live 16:06 IST,ATUL.NS,Atul Ltd,07 Apr 2026,6146.94,6187.0,2026-04-07,0.65,OVER,True,
2026-04-06,10:45,Live 16:06 IST,MSUMI.NS,Motherson Sumi Wiring India Limited,07 Apr 2026,36.76,36.76,2026-04-07,0.0,OVER,True,
2026-04-06,10:45,Live 16:06 IST,BELRISE.NS,BELRISE INDUSTRIES LTD,07 Apr 2026,191.5,190.4,2026-04-07,-0.57,UNDER,True,
2026-04-06,10:45,Live 16:06 IST,AIAENG.NS,AIA Engineering Limited,07 Apr 2026,3679.22,3651.1,2026-04-07,-0.76,UNDER,True,
2026-04-06,10:45,Live 16:06 IST,VOLTAS.NS,Voltas Limited,07 Apr 2026,1251.84,1235.3,2026-04-07,-1.32,UNDER,True,
2026-04-06,10:45,Live 16:06 IST,CHOLAFIN.NS,Cholamandalam Investment and Finance Company Limited,07 Apr 2026,1393.44,1397.9,2026-04-07,0.32,OVER,True,
2026-04-06,10:45,Live 16:06 IST,USHAMART.NS,Usha Martin Limited,07 Apr 2026,408.56,404.05,2026-04-07,-1.1,UNDER,True,
2026-04-06,10:45,Live 16:06 IST,JKTYRE.NS,JK Tyre & Industries Limited,07 Apr 2026,393.1,390.0,2026-04-07,-0.79,UNDER,True,
2026-04-06,10:45,Live 16:06 IST,CANFINHOME.NS,Can Fin Homes Limited,07 Apr 2026,815.17,813.0,2026-04-07,-0.27,UNDER,True,
2026-04-06,10:45,Live 16:06 IST,POLYCAB.NS,Polycab India Limited,07 Apr 2026,7055.32,7035.5,2026-04-07,-0.28,UNDER,True,
2026-04-06,10:45,Live 16:06 IST,SAILIFE.NS,SAI LIFE SCIENCES LIMITED,07 Apr 2026,944.44,945.0,2026-04-07,0.06,OVER,True,
2026-04-06,10:45,Live 16:06 IST,PAYTM.NS,One97 Communications Limited,07 Apr 2026,1030.85,1024.65,2026-04-07,-0.6,UNDER,True,
2026-04-06,10:45,Live 16:06 IST,APLAPOLLO.NS,APL Apollo Tubes Limited,07 Apr 2026,1916.01,1912.0,2026-04-07,-0.21,UNDER,True,
2026-04-06,10:45,Live 16:06 IST,HINDPETRO.NS,Hindustan Petroleum Corporation Limited,07 Apr 2026,328.04,325.0,2026-04-07,-0.93,UNDER,True,
2026-04-06,10:45,Live 16:06 IST,TEGA.NS,Tega Industries Limited,07 Apr 2026,1714.44,1718.7,2026-04-07,0.25,OVER,True,
2026-04-06,10:45,Live 16:06 IST,MARICO.NS,Marico Limited,07 Apr 2026,750.56,745.85,2026-04-07,-0.63,UNDER,True,
2026-04-06,10:45,Live 16:06 IST,DATAPATTNS.NS,Data Patterns (India) Limited,07 Apr 2026,3136.28,3117.0,2026-04-07,-0.61,UNDER,True,
2026-04-06,10:45,Live 16:06 IST,GRSE.NS,Garden Reach Shipbuilders & Engineers Limited,07 Apr 2026,2261.07,2245.0,2026-04-07,-0.71,UNDER,True,
2026-04-06,10:45,Live 16:06 IST,HINDZINC.NS,Hindustan Zinc Limited,07 Apr 2026,525.17,523.0,2026-04-07,-0.41,UNDER,True,
2026-04-06,10:45,Live 16:06 IST,KPIL.NS,Kalpataru Projects International Limited,07 Apr 2026,1084.48,1084.2,2026-04-07,-0.03,UNDER,True,
2026-04-06,10:45,Live 16:06 IST,UNOMINDA.NS,Uno Minda Limited,07 Apr 2026,1047.73,1037.4,2026-04-07,-0.99,UNDER,True,
2026-04-06,10:45,Live 16:06 IST,CRAFTSMAN.NS,Craftsman Automation Limited,07 Apr 2026,6792.97,6848.0,2026-04-07,0.81,OVER,True,
2026-04-06,10:45,Live 16:06 IST,EICHERMOT.NS,Eicher Motors Limited,07 Apr 2026,6597.65,6550.0,2026-04-07,-0.72,UNDER,True,
2026-04-06,10:45,Live 16:06 IST,SBIN.NS,State Bank of India,07 Apr 2026,1031.87,1025.0,2026-04-07,-0.67,UNDER,True,
2026-04-06,10:45,Live 16:06 IST,ABCAPITAL.NS,Aditya Birla Capital Limited,07 Apr 2026,310.9,310.45,2026-04-07,-0.14,UNDER,True,
2026-04-06,10:45,Live 16:06 IST,AXISBANK.NS,Axis Bank Limited,07 Apr 2026,1244.35,1237.8,2026-04-07,-0.53,UNDER,True,
2026-04-06,10:45,Live 16:06 IST,BANKBARODA.NS,Bank of Baroda Limited,07 Apr 2026,259.34,257.99,2026-04-07,-0.52,UNDER,True,
2026-04-06,10:45,Live 16:06 IST,JINDALSTEL.NS,Jindal Steel Limited,07 Apr 2026,1132.83,1124.1,2026-04-07,-0.77,UNDER,True,
2026-04-06,10:45,Live 16:06 IST,LTF.NS,L&T Finance Limited,07 Apr 2026,255.43,252.5,2026-04-07,-1.15,UNDER,True,
2026-04-06,10:45,Live 16:06 IST,CUB.NS,City Union Bank Limited,07 Apr 2026,249.42,247.51,2026-04-07,-0.77,UNDER,True,
2026-04-06,10:45,Live 16:06 IST,BPCL.NS,Bharat Petroleum Corporation Limited,07 Apr 2026,278.68,273.2,2026-04-07,-1.97,UNDER,True,
2026-04-06,10:45,Live 16:06 IST,NAVINFLUOR.NS,Navin Fluorine International Limited,07 Apr 2026,5839.64,5832.0,2026-04-07,-0.13,UNDER,True,
2026-04-06,10:45,Live 16:06 IST,NYKAA.NS,FSN E-Commerce Ventures Limited,07 Apr 2026,252.47,252.99,2026-04-07,0.21,OVER,True,
2026-04-06,10:45,Live 16:06 IST,AJANTPHARM.NS,Ajanta Pharma Limited,07 Apr 2026,2742.29,2729.1,2026-04-07,-0.48,UNDER,True,
2026-04-06,10:45,Live 16:06 IST,INDUSTOWER.NS,Indus Towers Limited,07 Apr 2026,425.13,422.0,2026-04-07,-0.74,UNDER,True,
2026-04-06,10:45,Live 16:06 IST,BHEL.NS,Bharat Heavy Electricals Limited,07 Apr 2026,245.72,245.59,2026-04-07,-0.05,UNDER,True,
2026-04-06,10:45,Live 16:06 IST,KARURVYSYA.NS,The Karur Vysya Bank Limited,07 Apr 2026,269.49,270.2,2026-04-07,0.26,OVER,True,
2026-04-06,10:45,Live 16:06 IST,MUTHOOTFIN.NS,Muthoot Finance Limited,07 Apr 2026,3288.98,3270.0,2026-04-07,-0.58,UNDER,True,
2026-04-06,10:45,Live 16:06 IST,CUMMINSIND.NS,Cummins India Limited,07 Apr 2026,4698.24,4692.0,2026-04-07,-0.13,UNDER,True,
2026-04-06,10:45,Live 16:06 IST,TATASTEEL.NS,Tata Steel Limited,07 Apr 2026,195.95,195.6,2026-04-07,-0.18,UNDER,True,
2026-04-06,10:45,Live 16:06 IST,UNITDSPR.NS,UNITED SPIRITS LIMITED,07 Apr 2026,1236.74,1225.0,2026-04-07,-0.95,UNDER,True,
2026-04-06,10:45,Live 16:06 IST,BEL.NS,Bharat Electronics Limited,07 Apr 2026,427.4,424.0,2026-04-07,-0.8,UNDER,True,
2026-04-06,10:45,Live 16:06 IST,CEATLTD.NS,CEAT Limited,07 Apr 2026,3346.57,3345.5,2026-04-07,-0.03,UNDER,True,
2026-04-06,10:45,Live 16:06 IST,SHRIRAMFIN.NS,Shriram Finance Limited,07 Apr 2026,926.81,920.0,2026-04-07,-0.73,UNDER,True,
2026-04-06,10:45,Live 16:06 IST,HINDALCO.NS,Hindalco Industries Limited,07 Apr 2026,927.22,933.95,2026-04-07,0.73,OVER,True,
2026-04-06,10:45,Live 16:06 IST,SCI.NS,The Shipping Corporation of India Limited,07 Apr 2026,232.62,233.6,2026-04-07,0.42,OVER,True,
2026-04-06,10:45,Live 16:06 IST,CANBK.NS,Canara Bank,07 Apr 2026,130.51,129.8,2026-04-07,-0.54,UNDER,True,
2026-04-06,10:45,Live 16:06 IST,KIRLOSENG.NS,Kirloskar Oil Engines Limited,07 Apr 2026,1415.49,1406.8,2026-04-07,-0.61,UNDER,True,
2026-04-02,07:01,Live 12:23 IST,PRESTIGE.NS,Prestige Estates Projects Limited,08 Apr 2026,1115.82,1300.0,2026-04-08,16.51,OVER,False,
2026-04-07,05:39,Daily 2026-04-07,SUPREMEIND.NS,The Supreme Industries Limited,08 Apr 2026,3716.53,3941.4,2026-04-08,6.05,OVER,False,
2026-04-07,05:39,Daily 2026-04-07,UNITDSPR.NS,UNITED SPIRITS LIMITED,08 Apr 2026,1220.02,1269.0,2026-04-08,4.01,OVER,False,
2026-04-07,09:20,Live 14:40 IST,SAIL.NS,Steel Authority of India Limited,08 Apr 2026,158.93,164.95,2026-04-08,3.79,OVER,False,
2026-04-07,09:20,Live 14:40 IST,CEATLTD.NS,CEAT Limited,08 Apr 2026,3373.48,3581.7,2026-04-08,6.17,OVER,False,
2026-04-07,12:00,Force Run,HBLENGINE.NS,HBL ENGINEERING LTD,08 Apr 2026,682.27,720.0,2026-04-08,5.53,OVER,False,
2026-04-07,12:00,Force Run,GODIGIT.NS,GO DIGIT GENERAL INS LTD,08 Apr 2026,323.72,334.0,2026-04-08,3.18,OVER,False,
2026-04-07,12:00,Force Run,AIAENG.NS,AIA Engineering Limited,08 Apr 2026,3686.73,3769.0,2026-04-08,2.23,OVER,True,
2026-04-07,12:00,Force Run,USHAMART.NS,Usha Martin Limited,08 Apr 2026,405.95,416.0,2026-04-08,2.48,OVER,True,
2026-04-07,12:00,Force Run,JKTYRE.NS,JK Tyre & Industries Limited,08 Apr 2026,393.86,421.45,2026-04-08,7.01,OVER,False,
2026-04-07,12:00,Force Run,TEGA.NS,Tega Industries Limited,08 Apr 2026,1690.52,1750.0,2026-04-08,3.52,OVER,False,
2026-04-07,12:00,Force Run,APLAPOLLO.NS,APL Apollo Tubes Limited,08 Apr 2026,1892.17,1974.7,2026-04-08,4.36,OVER,False,
2026-04-07,12:00,Force Run,AUROPHARMA.NS,Aurobindo Pharma Limited,08 Apr 2026,1330.37,1362.7,2026-04-08,2.43,OVER,True,
2026-04-07,12:00,Force Run,PAYTM.NS,One97 Communications Limited,08 Apr 2026,1029.86,1070.0,2026-04-08,3.9,OVER,False,
2026-04-07,12:00,Force Run,HEROMOTOCO.NS,Hero MotoCorp Limited,08 Apr 2026,5050.4,5250.0,2026-04-08,3.95,OVER,False,
2026-04-07,12:00,Force Run,UNOMINDA.NS,Uno Minda Limited,08 Apr 2026,1022.86,1060.0,2026-04-08,3.63,OVER,False,
2026-04-07,12:00,Force Run,AUBANK.NS,AU Small Finance Bank Limited,08 Apr 2026,888.17,920.0,2026-04-08,3.58,OVER,False,
2026-04-07,12:00,Force Run,MARICO.NS,Marico Limited,08 Apr 2026,754.06,772.0,2026-04-08,2.38,OVER,True,
2026-04-07,12:00,Force Run,ABCAPITAL.NS,Aditya Birla Capital Limited,08 Apr 2026,308.95,323.7,2026-04-08,4.77,OVER,False,
2026-04-07,12:00,Force Run,SBIN.NS,State Bank of India,08 Apr 2026,1031.08,1074.0,2026-04-08,4.16,OVER,False,
2026-04-07,12:00,Force Run,NETWEB.NS,Netweb Technologies India Limited,08 Apr 2026,3239.39,3372.0,2026-04-08,4.09,OVER,False,
2026-04-07,12:00,Force Run,GESHIP.NS,The Great Eastern Shipping Company Limited,08 Apr 2026,1427.29,1495.0,2026-04-08,4.74,OVER,False,
2026-04-07,12:00,Force Run,NYKAA.NS,FSN E-Commerce Ventures Limited,08 Apr 2026,248.31,256.0,2026-04-08,3.1,OVER,False,
2026-04-07,12:00,Force Run,NAVINFLUOR.NS,Navin Fluorine International Limited,08 Apr 2026,5835.47,6020.0,2026-04-08,3.16,OVER,False,
2026-04-07,12:00,Force Run,INDUSTOWER.NS,Indus Towers Limited,08 Apr 2026,423.73,433.0,2026-04-08,2.19,OVER,True,
2026-04-07,12:00,Force Run,KARURVYSYA.NS,The Karur Vysya Bank Limited,08 Apr 2026,262.42,270.85,2026-04-08,3.21,OVER,False,
2026-04-07,12:00,Force Run,KPIL.NS,Kalpataru Projects International Limited,08 Apr 2026,1093.25,1143.3,2026-04-08,4.58,OVER,False,
2026-04-07,12:00,Force Run,MUTHOOTFIN.NS,Muthoot Finance Limited,08 Apr 2026,3244.74,3360.0,2026-04-08,3.55,OVER,False,
2026-04-07,12:00,Force Run,CUMMINSIND.NS,Cummins India Limited,08 Apr 2026,4643.79,4790.0,2026-04-08,3.15,OVER,False,
2026-04-07,12:00,Force Run,GMDCLTD.NS,Gujarat Mineral Development Corporation Limited,08 Apr 2026,593.25,609.0,2026-04-08,2.65,OVER,True,
2026-04-07,12:00,Force Run,TATASTEEL.NS,Tata Steel Limited,08 Apr 2026,198.33,202.01,2026-04-08,1.86,OVER,True,
2026-04-07,12:00,Force Run,BEL.NS,Bharat Electronics Limited,08 Apr 2026,428.05,440.0,2026-04-08,2.79,OVER,True,
2026-03-20,10:11,Live 15:32 IST,GVT&D.NS,GE Vernova T&D India Ltd,09 Apr 2026,3659.56,3762.0,2026-04-09,2.8,OVER,True,
2026-04-07,12:00,Force Run,CHOLAFIN.NS,Cholamandalam Investment and Finance Company Limited,09 Apr 2026,1415.11,1546.7,2026-04-09,9.3,OVER,False,
2026-04-07,12:00,Force Run,SCI.NS,The Shipping Corporation of India Limited,09 Apr 2026,233.47,238.09,2026-04-09,1.98,OVER,True,
2026-04-07,12:00,Force Run,PNBHOUSING.NS,PNB Housing Finance Limited,09 Apr 2026,817.98,873.3,2026-04-09,6.76,OVER,False,
2026-04-08,05:28,Live 10:49 IST,SHRIRAMFIN.NS,Shriram Finance Limited,09 Apr 2026,1020.94,1010.1,2026-04-09,-1.06,UNDER,True,
2026-04-08,10:46,Live 16:04 IST,GODIGIT.NS,GO DIGIT GENERAL INS LTD,09 Apr 2026,324.31,321.8,2026-04-09,-0.77,UNDER,True,
2026-04-08,10:46,Live 16:04 IST,MSUMI.NS,Motherson Sumi Wiring India Limited,09 Apr 2026,38.76,39.04,2026-04-09,0.72,OVER,True,
2026-04-08,10:46,Live 16:04 IST,AIAENG.NS,AIA Engineering Limited,09 Apr 2026,3676.83,3662.8,2026-04-09,-0.38,UNDER,True,
2026-04-08,10:46,Live 16:04 IST,M&MFIN.NS,Mahindra & Mahindra Financial Services Limited,09 Apr 2026,296.67,296.7,2026-04-09,0.01,OVER,True,
2026-04-08,10:46,Live 16:04 IST,AIIL.NS,Authum Investment & Infrastructure Limited,09 Apr 2026,440.83,442.0,2026-04-09,0.27,OVER,True,
2026-04-08,10:46,Live 16:04 IST,LINDEINDIA.NS,Linde India Limited,09 Apr 2026,7169.28,7193.0,2026-04-09,0.33,OVER,True,
2026-04-08,10:46,Live 16:04 IST,JKTYRE.NS,JK Tyre & Industries Limited,09 Apr 2026,423.39,420.5,2026-04-09,-0.68,UNDER,True,
2026-04-08,10:46,Live 16:04 IST,JBCHEPHARM.NS,J. B. Chemicals & Pharmaceuticals Limited,09 Apr 2026,1942.13,1943.5,2026-04-09,0.07,OVER,True,
2026-04-08,10:46,Live 16:04 IST,EMCURE.NS,EMCURE PHARMACEUTICALS L,09 Apr 2026,1564.82,1570.0,2026-04-09,0.33,OVER,True,
2026-04-08,10:46,Live 16:04 IST,AUBANK.NS,AU Small Finance Bank Limited,09 Apr 2026,966.79,968.05,2026-04-09,0.13,OVER,True,
2026-04-08,10:46,Live 16:04 IST,MARICO.NS,Marico Limited,09 Apr 2026,747.86,750.0,2026-04-09,0.29,OVER,True,
2026-04-08,10:46,Live 16:04 IST,POLYCAB.NS,Polycab India Limited,09 Apr 2026,7600.07,7599.0,2026-04-09,-0.01,UNDER,True,
2026-04-08,10:46,Live 16:04 IST,KEI.NS,KEI Industries Limited,09 Apr 2026,4501.28,4507.8,2026-04-09,0.14,OVER,True,
2026-04-08,10:46,Live 16:04 IST,AJANTPHARM.NS,Ajanta Pharma Limited,09 Apr 2026,2708.18,2710.4,2026-04-09,0.08,OVER,True,
2026-04-08,10:46,Live 16:04 IST,ICICIPRULI.NS,ICICI Prudential Life Insurance Company Limited,09 Apr 2026,541.68,541.6,2026-04-09,-0.01,UNDER,True,
2026-04-08,10:46,Live 16:04 IST,MOTHERSON.NS,Samvardhana Motherson International Limited,09 Apr 2026,118.12,118.0,2026-04-09,-0.1,UNDER,True,
2026-04-08,10:46,Live 16:04 IST,ATHERENERG.NS,Ather Energy Limited,09 Apr 2026,768.33,774.0,2026-04-09,0.74,OVER,True,
2026-04-08,10:46,Live 16:04 IST,ASAHIINDIA.NS,Asahi India Glass Limited,09 Apr 2026,853.74,860.05,2026-04-09,0.74,OVER,True,
2026-04-08,10:46,Live 16:04 IST,GRSE.NS,Garden Reach Shipbuilders & Engineers Limited,09 Apr 2026,2482.26,2464.0,2026-04-09,-0.74,UNDER,True,
2026-04-08,10:46,Live 16:04 IST,SBIN.NS,State Bank of India,09 Apr 2026,1060.72,1060.1,2026-04-09,-0.06,UNDER,True,
2026-04-08,10:46,Live 16:04 IST,VTL.NS,Vardhman Textiles Limited,09 Apr 2026,550.73,551.65,2026-04-09,0.17,OVER,True,
2026-04-08,10:46,Live 16:04 IST,TEGA.NS,Tega Industries Limited,09 Apr 2026,1731.1,1721.1,2026-04-09,-0.58,UNDER,True,
2026-04-08,10:46,Live 16:04 IST,INDUSTOWER.NS,Indus Towers Limited,09 Apr 2026,441.04,442.7,2026-04-09,0.38,OVER,True,
2026-04-08,10:46,Live 16:04 IST,ABCAPITAL.NS,Aditya Birla Capital Limited,09 Apr 2026,337.86,337.9,2026-04-09,0.01,OVER,True,
2026-04-08,10:46,Live 16:04 IST,NAVINFLUOR.NS,Navin Fluorine International Limited,09 Apr 2026,6065.69,6091.5,2026-04-09,0.43,OVER,True,
2026-04-08,10:46,Live 16:04 IST,KIRLOSENG.NS,Kirloskar Oil Engines Limited,09 Apr 2026,1466.89,1479.0,2026-04-09,0.83,OVER,True,
2026-04-07,12:00,Force Run,BHEL.NS,Bharat Heavy Electricals Limited,10 Apr 2026,253.75,279.0,2026-04-10,9.95,OVER,False,
2026-04-08,06:08,Live 11:29 IST,ENGINERSIN.NS,Engineers India Limited,10 Apr 2026,207.04,210.01,2026-04-10,1.43,OVER,True,
2026-04-09,06:25,Live 11:43 IST,EICHERMOT.NS,Eicher Motors Limited,10 Apr 2026,7080.38,7201.0,2026-04-10,1.7,OVER,True,
2026-04-09,08:29,Live 13:47 IST,VOLTAS.NS,Voltas Limited,10 Apr 2026,1253.41,1299.7,2026-04-10,3.69,OVER,False,
2026-04-09,10:47,Live 16:08 IST,SUNTV.NS,Sun TV Network Limited,10 Apr 2026,590.69,592.0,2026-04-10,0.22,OVER,True,
2026-04-09,10:47,Live 16:08 IST,ASTRAL.NS,Astral Limited,10 Apr 2026,1562.92,1577.0,2026-04-10,0.9,OVER,True,
2026-04-09,10:47,Live 16:08 IST,IIFL.NS,IIFL Finance Limited,10 Apr 2026,443.04,448.0,2026-04-10,1.12,OVER,True,
2026-04-09,10:47,Live 16:08 IST,ATUL.NS,Atul Ltd,10 Apr 2026,6451.77,6456.5,2026-04-10,0.07,OVER,True,
2026-04-09,10:47,Live 16:08 IST,NTPCGREEN.NS,NTPC GREEN ENERGY LIMITED,10 Apr 2026,96.03,96.9,2026-04-10,0.91,OVER,True,
2026-04-09,10:47,Live 16:08 IST,GODIGIT.NS,GO DIGIT GENERAL INS LTD,10 Apr 2026,319.36,320.4,2026-04-10,0.33,OVER,True,
2026-04-09,10:47,Live 16:08 IST,MSUMI.NS,Motherson Sumi Wiring India Limited,10 Apr 2026,38.6,38.98,2026-04-10,0.98,OVER,True,
2026-04-09,10:47,Live 16:08 IST,AIIL.NS,Authum Investment & Infrastructure Limited,10 Apr 2026,430.96,435.0,2026-04-10,0.94,OVER,True,
2026-04-09,10:47,Live 16:08 IST,M&MFIN.NS,Mahindra & Mahindra Financial Services Limited,10 Apr 2026,296.21,300.0,2026-04-10,1.28,OVER,True,
2026-04-09,10:47,Live 16:08 IST,WAAREEENER.NS,WAAREE ENERGIES LIMITED,10 Apr 2026,3224.18,3268.0,2026-04-10,1.36,OVER,True,
2026-04-09,10:47,Live 16:08 IST,LINDEINDIA.NS,Linde India Limited,10 Apr 2026,7186.84,7220.0,2026-04-10,0.46,OVER,True,
2026-04-09,10:47,Live 16:08 IST,ACMESOLAR.NS,ACME SOLAR HOLDINGS LTD,10 Apr 2026,272.57,273.5,2026-04-10,0.34,OVER,True,
2026-04-09,10:47,Live 16:08 IST,JKTYRE.NS,JK Tyre & Industries Limited,10 Apr 2026,421.28,425.0,2026-04-10,0.88,OVER,True,
2026-04-09,10:47,Live 16:08 IST,AUBANK.NS,AU Small Finance Bank Limited,10 Apr 2026,964.45,963.0,2026-04-10,-0.15,UNDER,True,
2026-04-09,10:47,Live 16:08 IST,AUROPHARMA.NS,Aurobindo Pharma Limited,10 Apr 2026,1339.51,1345.0,2026-04-10,0.41,OVER,True,
2026-04-09,10:47,Live 16:08 IST,EMCURE.NS,EMCURE PHARMACEUTICALS L,10 Apr 2026,1606.77,1614.6,2026-04-10,0.49,OVER,True,
2026-04-09,10:47,Live 16:08 IST,APLAPOLLO.NS,APL Apollo Tubes Limited,10 Apr 2026,2039.68,2049.7,2026-04-10,0.49,OVER,True,
2026-04-09,10:47,Live 16:08 IST,SBIN.NS,State Bank of India,10 Apr 2026,1041.74,1049.0,2026-04-10,0.7,OVER,True,
2026-04-09,10:47,Live 16:08 IST,ASAHIINDIA.NS,Asahi India Glass Limited,10 Apr 2026,859.33,868.95,2026-04-10,1.12,OVER,True,
2026-04-09,10:47,Live 16:08 IST,MOTHERSON.NS,Samvardhana Motherson International Limited,10 Apr 2026,116.95,118.0,2026-04-10,0.9,OVER,True,
2026-04-09,10:47,Live 16:08 IST,RBLBANK.NS,RBL Bank Limited,10 Apr 2026,317.81,319.0,2026-04-10,0.37,OVER,True,
2026-04-09,10:47,Live 16:08 IST,VTL.NS,Vardhman Textiles Limited,10 Apr 2026,550.36,549.85,2026-04-10,-0.09,UNDER,True,
2026-04-09,10:47,Live 16:08 IST,HINDZINC.NS,Hindustan Zinc Limited,10 Apr 2026,558.39,565.2,2026-04-10,1.22,OVER,True,
2026-04-09,10:47,Live 16:08 IST,AJANTPHARM.NS,Ajanta Pharma Limited,10 Apr 2026,2756.29,2770.0,2026-04-10,0.5,OVER,True,
2026-04-09,10:47,Live 16:08 IST,GESHIP.NS,The Great Eastern Shipping Company Limited,10 Apr 2026,1391.46,1391.2,2026-04-10,-0.02,UNDER,True,
2026-04-09,10:47,Live 16:08 IST,TEGA.NS,Tega Industries Limited,10 Apr 2026,1715.1,1740.3,2026-04-10,1.47,OVER,True,
2026-04-09,10:47,Live 16:08 IST,GRSE.NS,Garden Reach Shipbuilders & Engineers Limited,10 Apr 2026,2524.7,2539.9,2026-04-10,0.6,OVER,True,
2026-04-09,10:47,Live 16:08 IST,PTCIL.NS,PTC Industries Limited,10 Apr 2026,15397.42,15447.0,2026-04-10,0.32,OVER,True,
2026-04-09,10:47,Live 16:08 IST,ICICIPRULI.NS,ICICI Prudential Life Insurance Company Limited,10 Apr 2026,541.97,549.4,2026-04-10,1.37,OVER,True,
2026-04-09,10:47,Live 16:08 IST,INDUSTOWER.NS,Indus Towers Limited,10 Apr 2026,438.75,438.0,2026-04-10,-0.17,UNDER,True,
2026-04-09,10:47,Live 16:08 IST,LTF.NS,L&T Finance Limited,10 Apr 2026,272.22,274.9,2026-04-10,0.98,OVER,True,
2026-04-09,10:47,Live 16:08 IST,FEDERALBNK.NS,The Federal Bank Limited,10 Apr 2026,283.16,284.0,2026-04-10,0.3,OVER,True,
2026-04-09,10:47,Live 16:08 IST,AXISBANK.NS,Axis Bank Limited,10 Apr 2026,1318.08,1328.8,2026-04-10,0.81,OVER,True,
2026-04-09,10:47,Live 16:08 IST,NYKAA.NS,FSN E-Commerce Ventures Limited,10 Apr 2026,254.96,257.48,2026-04-10,0.99,OVER,True,
2026-04-09,10:47,Live 16:08 IST,NAVINFLUOR.NS,Navin Fluorine International Limited,10 Apr 2026,6135.98,6135.0,2026-04-10,-0.02,UNDER,True,
2026-04-09,10:47,Live 16:08 IST,SHRIRAMFIN.NS,Shriram Finance Limited,10 Apr 2026,997.56,1016.1,2026-04-10,1.86,OVER,True,
2026-04-09,10:47,Live 16:08 IST,NAM-INDIA.NS,Nippon Life India Asset Management Limited,10 Apr 2026,907.78,920.0,2026-04-10,1.35,OVER,True,
